file_num,bag_idx,label,bag_path,start_sec
1,0,0,dataset\bags\file_01\bag_000.wav,0.0
1,1,0,dataset\bags\file_01\bag_001.wav,60.0
1,2,0,dataset\bags\file_01\bag_002.wav,120.0
1,3,0,dataset\bags\file_01\bag_003.wav,180.0
1,4,1,dataset\bags\file_01\bag_004.wav,240.0
1,5,0,dataset\bags\file_01\bag_005.wav,300.0
1,6,1,dataset\bags\file_01\bag_006.wav,360.0
1,7,0,dataset\bags\file_01\bag_007.wav,420.0
1,8,0,dataset\bags\file_01\bag_008.wav,480.0
1,9,0,dataset\bags\file_01\bag_009.wav,540.0
1,10,0,dataset\bags\file_01\bag_010.wav,600.0
1,11,0,dataset\bags\file_01\bag_011.wav,660.0
1,12,0,dataset\bags\file_01\bag_012.wav,720.0
1,13,0,dataset\bags\file_01\bag_013.wav,780.0
1,14,1,dataset\bags\file_01\bag_014.wav,840.0
1,15,0,dataset\bags\file_01\bag_015.wav,900.0
1,16,1,dataset\bags\file_01\bag_016.wav,960.0
1,17,0,dataset\bags\file_01\bag_017.wav,1020.0
1,18,0,dataset\bags\file_01\bag_018.wav,1080.0
1,19,0,dataset\bags\file_01\bag_019.wav,1140.0
1,20,0,dataset\bags\file_01\bag_020.wav,1200.0
1,21,0,dataset\bags\file_01\bag_021.wav,1260.0
1,22,0,dataset\bags\file_01\bag_022.wav,1320.0
1,23,0,dataset\bags\file_01\bag_023.wav,1380.0
1,24,0,dataset\bags\file_01\bag_024.wav,1440.0
1,25,1,dataset\bags\file_01\bag_025.wav,1500.0
1,26,0,dataset\bags\file_01\bag_026.wav,1560.0
1,27,1,dataset\bags\file_01\bag_027.wav,1620.0
1,28,0,dataset\bags\file_01\bag_028.wav,1680.0
2,0,1,dataset\bags\file_02\bag_000.wav,0.0
2,1,1,dataset\bags\file_02\bag_001.wav,60.0
2,2,1,dataset\bags\file_02\bag_002.wav,120.0
2,3,0,dataset\bags\file_02\bag_003.wav,180.0
2,4,0,dataset\bags\file_02\bag_004.wav,240.0
2,5,0,dataset\bags\file_02\bag_005.wav,300.0
2,6,0,dataset\bags\file_02\bag_006.wav,360.0
2,7,0,dataset\bags\file_02\bag_007.wav,420.0
2,8,0,dataset\bags\file_02\bag_008.wav,480.0
2,9,1,dataset\bags\file_02\bag_009.wav,540.0
2,10,1,dataset\bags\file_02\bag_010.wav,600.0
2,11,1,dataset\bags\file_02\bag_011.wav,660.0
2,12,1,dataset\bags\file_02\bag_012.wav,720.0
2,13,1,dataset\bags\file_02\bag_013.wav,780.0
2,14,1,dataset\bags\file_02\bag_014.wav,840.0
2,15,1,dataset\bags\file_02\bag_015.wav,900.0
2,16,1,dataset\bags\file_02\bag_016.wav,960.0
2,17,1,dataset\bags\file_02\bag_017.wav,1020.0
2,18,1,dataset\bags\file_02\bag_018.wav,1080.0
2,19,1,dataset\bags\file_02\bag_019.wav,1140.0
2,20,1,dataset\bags\file_02\bag_020.wav,1200.0
2,21,0,dataset\bags\file_02\bag_021.wav,1260.0
2,22,0,dataset\bags\file_02\bag_022.wav,1320.0
2,23,1,dataset\bags\file_02\bag_023.wav,1380.0
2,24,1,dataset\bags\file_02\bag_024.wav,1440.0
2,25,1,dataset\bags\file_02\bag_025.wav,1500.0
2,26,1,dataset\bags\file_02\bag_026.wav,1560.0
2,27,1,dataset\bags\file_02\bag_027.wav,1620.0
2,28,1,dataset\bags\file_02\bag_028.wav,1680.0
3,0,0,dataset\bags\file_03\bag_000.wav,0.0
3,1,0,dataset\bags\file_03\bag_001.wav,60.0
3,2,0,dataset\bags\file_03\bag_002.wav,120.0
3,3,0,dataset\bags\file_03\bag_003.wav,180.0
3,4,0,dataset\bags\file_03\bag_004.wav,240.0
3,5,0,dataset\bags\file_03\bag_005.wav,300.0
3,6,0,dataset\bags\file_03\bag_006.wav,360.0
3,7,0,dataset\bags\file_03\bag_007.wav,420.0
3,8,0,dataset\bags\file_03\bag_008.wav,480.0
3,9,0,dataset\bags\file_03\bag_009.wav,540.0
3,10,0,dataset\bags\file_03\bag_010.wav,600.0
3,11,0,dataset\bags\file_03\bag_011.wav,660.0
3,12,0,dataset\bags\file_03\bag_012.wav,720.0
3,13,0,dataset\bags\file_03\bag_013.wav,780.0
3,14,1,dataset\bags\file_03\bag_014.wav,840.0
3,15,1,dataset\bags\file_03\bag_015.wav,900.0
3,16,1,dataset\bags\file_03\bag_016.wav,960.0
3,17,1,dataset\bags\file_03\bag_017.wav,1020.0
3,18,0,dataset\bags\file_03\bag_018.wav,1080.0
3,19,0,dataset\bags\file_03\bag_019.wav,1140.0
3,20,1,dataset\bags\file_03\bag_020.wav,1200.0
3,21,0,dataset\bags\file_03\bag_021.wav,1260.0
3,22,0,dataset\bags\file_03\bag_022.wav,1320.0
3,23,0,dataset\bags\file_03\bag_023.wav,1380.0
3,24,0,dataset\bags\file_03\bag_024.wav,1440.0
3,25,0,dataset\bags\file_03\bag_025.wav,1500.0
3,26,0,dataset\bags\file_03\bag_026.wav,1560.0
3,27,0,dataset\bags\file_03\bag_027.wav,1620.0
3,28,0,dataset\bags\file_03\bag_028.wav,1680.0
4,0,0,dataset\bags\file_04\bag_000.wav,0.0
4,1,1,dataset\bags\file_04\bag_001.wav,60.0
4,2,0,dataset\bags\file_04\bag_002.wav,120.0
4,3,0,dataset\bags\file_04\bag_003.wav,180.0
4,4,0,dataset\bags\file_04\bag_004.wav,240.0
4,5,0,dataset\bags\file_04\bag_005.wav,300.0
4,6,0,dataset\bags\file_04\bag_006.wav,360.0
4,7,0,dataset\bags\file_04\bag_007.wav,420.0
4,8,0,dataset\bags\file_04\bag_008.wav,480.0
4,9,0,dataset\bags\file_04\bag_009.wav,540.0
4,10,0,dataset\bags\file_04\bag_010.wav,600.0
4,11,0,dataset\bags\file_04\bag_011.wav,660.0
4,12,0,dataset\bags\file_04\bag_012.wav,720.0
4,13,1,dataset\bags\file_04\bag_013.wav,780.0
4,14,0,dataset\bags\file_04\bag_014.wav,840.0
4,15,0,dataset\bags\file_04\bag_015.wav,900.0
4,16,0,dataset\bags\file_04\bag_016.wav,960.0
4,17,0,dataset\bags\file_04\bag_017.wav,1020.0
4,18,0,dataset\bags\file_04\bag_018.wav,1080.0
4,19,0,dataset\bags\file_04\bag_019.wav,1140.0
4,20,0,dataset\bags\file_04\bag_020.wav,1200.0
4,21,0,dataset\bags\file_04\bag_021.wav,1260.0
4,22,0,dataset\bags\file_04\bag_022.wav,1320.0
4,23,0,dataset\bags\file_04\bag_023.wav,1380.0
4,24,0,dataset\bags\file_04\bag_024.wav,1440.0
4,25,1,dataset\bags\file_04\bag_025.wav,1500.0
4,26,1,dataset\bags\file_04\bag_026.wav,1560.0
4,27,1,dataset\bags\file_04\bag_027.wav,1620.0
4,28,1,dataset\bags\file_04\bag_028.wav,1680.0
5,0,0,dataset\bags\file_05\bag_000.wav,0.0
5,1,0,dataset\bags\file_05\bag_001.wav,60.0
5,2,1,dataset\bags\file_05\bag_002.wav,120.0
5,3,1,dataset\bags\file_05\bag_003.wav,180.0
5,4,0,dataset\bags\file_05\bag_004.wav,240.0
5,5,1,dataset\bags\file_05\bag_005.wav,300.0
5,6,0,dataset\bags\file_05\bag_006.wav,360.0
5,7,0,dataset\bags\file_05\bag_007.wav,420.0
5,8,0,dataset\bags\file_05\bag_008.wav,480.0
5,9,0,dataset\bags\file_05\bag_009.wav,540.0
5,10,0,dataset\bags\file_05\bag_010.wav,600.0
5,11,1,dataset\bags\file_05\bag_011.wav,660.0
5,12,1,dataset\bags\file_05\bag_012.wav,720.0
5,13,1,dataset\bags\file_05\bag_013.wav,780.0
5,14,0,dataset\bags\file_05\bag_014.wav,840.0
5,15,0,dataset\bags\file_05\bag_015.wav,900.0
5,16,0,dataset\bags\file_05\bag_016.wav,960.0
5,17,0,dataset\bags\file_05\bag_017.wav,1020.0
5,18,1,dataset\bags\file_05\bag_018.wav,1080.0
5,19,0,dataset\bags\file_05\bag_019.wav,1140.0
5,20,0,dataset\bags\file_05\bag_020.wav,1200.0
5,21,1,dataset\bags\file_05\bag_021.wav,1260.0
5,22,1,dataset\bags\file_05\bag_022.wav,1320.0
5,23,0,dataset\bags\file_05\bag_023.wav,1380.0
5,24,0,dataset\bags\file_05\bag_024.wav,1440.0
5,25,0,dataset\bags\file_05\bag_025.wav,1500.0
5,26,0,dataset\bags\file_05\bag_026.wav,1560.0
5,27,0,dataset\bags\file_05\bag_027.wav,1620.0
5,28,1,dataset\bags\file_05\bag_028.wav,1680.0
6,0,0,dataset\bags\file_06\bag_000.wav,0.0
6,1,0,dataset\bags\file_06\bag_001.wav,60.0
6,2,0,dataset\bags\file_06\bag_002.wav,120.0
6,3,0,dataset\bags\file_06\bag_003.wav,180.0
6,4,0,dataset\bags\file_06\bag_004.wav,240.0
6,5,0,dataset\bags\file_06\bag_005.wav,300.0
6,6,0,dataset\bags\file_06\bag_006.wav,360.0
6,7,0,dataset\bags\file_06\bag_007.wav,420.0
6,8,0,dataset\bags\file_06\bag_008.wav,480.0
6,9,0,dataset\bags\file_06\bag_009.wav,540.0
6,10,0,dataset\bags\file_06\bag_010.wav,600.0
6,11,0,dataset\bags\file_06\bag_011.wav,660.0
6,12,0,dataset\bags\file_06\bag_012.wav,720.0
6,13,0,dataset\bags\file_06\bag_013.wav,780.0
6,14,1,dataset\bags\file_06\bag_014.wav,840.0
6,15,1,dataset\bags\file_06\bag_015.wav,900.0
6,16,1,dataset\bags\file_06\bag_016.wav,960.0
6,17,1,dataset\bags\file_06\bag_017.wav,1020.0
6,18,1,dataset\bags\file_06\bag_018.wav,1080.0
6,19,1,dataset\bags\file_06\bag_019.wav,1140.0
6,20,1,dataset\bags\file_06\bag_020.wav,1200.0
6,21,1,dataset\bags\file_06\bag_021.wav,1260.0
6,22,1,dataset\bags\file_06\bag_022.wav,1320.0
6,23,1,dataset\bags\file_06\bag_023.wav,1380.0
6,24,1,dataset\bags\file_06\bag_024.wav,1440.0
6,25,1,dataset\bags\file_06\bag_025.wav,1500.0
6,26,1,dataset\bags\file_06\bag_026.wav,1560.0
6,27,1,dataset\bags\file_06\bag_027.wav,1620.0
6,28,1,dataset\bags\file_06\bag_028.wav,1680.0
7,0,1,dataset\bags\file_07\bag_000.wav,0.0
7,1,1,dataset\bags\file_07\bag_001.wav,60.0
7,2,1,dataset\bags\file_07\bag_002.wav,120.0
7,3,0,dataset\bags\file_07\bag_003.wav,180.0
7,4,0,dataset\bags\file_07\bag_004.wav,240.0
7,5,0,dataset\bags\file_07\bag_005.wav,300.0
7,6,0,dataset\bags\file_07\bag_006.wav,360.0
7,7,0,dataset\bags\file_07\bag_007.wav,420.0
7,8,0,dataset\bags\file_07\bag_008.wav,480.0
7,9,0,dataset\bags\file_07\bag_009.wav,540.0
7,10,0,dataset\bags\file_07\bag_010.wav,600.0
7,11,0,dataset\bags\file_07\bag_011.wav,660.0
7,12,0,dataset\bags\file_07\bag_012.wav,720.0
7,13,0,dataset\bags\file_07\bag_013.wav,780.0
7,14,0,dataset\bags\file_07\bag_014.wav,840.0
7,15,0,dataset\bags\file_07\bag_015.wav,900.0
7,16,0,dataset\bags\file_07\bag_016.wav,960.0
7,17,0,dataset\bags\file_07\bag_017.wav,1020.0
7,18,1,dataset\bags\file_07\bag_018.wav,1080.0
7,19,1,dataset\bags\file_07\bag_019.wav,1140.0
7,20,0,dataset\bags\file_07\bag_020.wav,1200.0
7,21,0,dataset\bags\file_07\bag_021.wav,1260.0
7,22,0,dataset\bags\file_07\bag_022.wav,1320.0
7,23,0,dataset\bags\file_07\bag_023.wav,1380.0
7,24,0,dataset\bags\file_07\bag_024.wav,1440.0
7,25,1,dataset\bags\file_07\bag_025.wav,1500.0
7,26,0,dataset\bags\file_07\bag_026.wav,1560.0
7,27,0,dataset\bags\file_07\bag_027.wav,1620.0
7,28,0,dataset\bags\file_07\bag_028.wav,1680.0
8,0,0,dataset\bags\file_08\bag_000.wav,0.0
8,1,0,dataset\bags\file_08\bag_001.wav,60.0
8,2,0,dataset\bags\file_08\bag_002.wav,120.0
8,3,0,dataset\bags\file_08\bag_003.wav,180.0
8,4,0,dataset\bags\file_08\bag_004.wav,240.0
8,5,0,dataset\bags\file_08\bag_005.wav,300.0
8,6,0,dataset\bags\file_08\bag_006.wav,360.0
8,7,0,dataset\bags\file_08\bag_007.wav,420.0
8,8,0,dataset\bags\file_08\bag_008.wav,480.0
8,9,0,dataset\bags\file_08\bag_009.wav,540.0
8,10,0,dataset\bags\file_08\bag_010.wav,600.0
8,11,0,dataset\bags\file_08\bag_011.wav,660.0
8,12,0,dataset\bags\file_08\bag_012.wav,720.0
8,13,0,dataset\bags\file_08\bag_013.wav,780.0
8,14,1,dataset\bags\file_08\bag_014.wav,840.0
8,15,1,dataset\bags\file_08\bag_015.wav,900.0
8,16,0,dataset\bags\file_08\bag_016.wav,960.0
8,17,1,dataset\bags\file_08\bag_017.wav,1020.0
8,18,1,dataset\bags\file_08\bag_018.wav,1080.0
8,19,1,dataset\bags\file_08\bag_019.wav,1140.0
8,20,0,dataset\bags\file_08\bag_020.wav,1200.0
8,21,1,dataset\bags\file_08\bag_021.wav,1260.0
8,22,1,dataset\bags\file_08\bag_022.wav,1320.0
8,23,1,dataset\bags\file_08\bag_023.wav,1380.0
8,24,1,dataset\bags\file_08\bag_024.wav,1440.0
8,25,0,dataset\bags\file_08\bag_025.wav,1500.0
8,26,1,dataset\bags\file_08\bag_026.wav,1560.0
8,27,1,dataset\bags\file_08\bag_027.wav,1620.0
8,28,1,dataset\bags\file_08\bag_028.wav,1680.0
9,0,1,dataset\bags\file_09\bag_000.wav,0.0
9,1,0,dataset\bags\file_09\bag_001.wav,60.0
9,2,0,dataset\bags\file_09\bag_002.wav,120.0
9,3,0,dataset\bags\file_09\bag_003.wav,180.0
9,4,1,dataset\bags\file_09\bag_004.wav,240.0
9,5,0,dataset\bags\file_09\bag_005.wav,300.0
9,6,0,dataset\bags\file_09\bag_006.wav,360.0
9,7,0,dataset\bags\file_09\bag_007.wav,420.0
9,8,0,dataset\bags\file_09\bag_008.wav,480.0
9,9,1,dataset\bags\file_09\bag_009.wav,540.0
9,10,1,dataset\bags\file_09\bag_010.wav,600.0
9,11,1,dataset\bags\file_09\bag_011.wav,660.0
9,12,1,dataset\bags\file_09\bag_012.wav,720.0
9,13,0,dataset\bags\file_09\bag_013.wav,780.0
9,14,0,dataset\bags\file_09\bag_014.wav,840.0
9,15,1,dataset\bags\file_09\bag_015.wav,900.0
9,16,1,dataset\bags\file_09\bag_016.wav,960.0
9,17,1,dataset\bags\file_09\bag_017.wav,1020.0
9,18,1,dataset\bags\file_09\bag_018.wav,1080.0
9,19,0,dataset\bags\file_09\bag_019.wav,1140.0
9,20,1,dataset\bags\file_09\bag_020.wav,1200.0
9,21,1,dataset\bags\file_09\bag_021.wav,1260.0
9,22,1,dataset\bags\file_09\bag_022.wav,1320.0
9,23,1,dataset\bags\file_09\bag_023.wav,1380.0
9,24,1,dataset\bags\file_09\bag_024.wav,1440.0
9,25,1,dataset\bags\file_09\bag_025.wav,1500.0
9,26,1,dataset\bags\file_09\bag_026.wav,1560.0
9,27,1,dataset\bags\file_09\bag_027.wav,1620.0
9,28,1,dataset\bags\file_09\bag_028.wav,1680.0
10,0,0,dataset\bags\file_10\bag_000.wav,0.0
10,1,1,dataset\bags\file_10\bag_001.wav,60.0
10,2,1,dataset\bags\file_10\bag_002.wav,120.0
10,3,1,dataset\bags\file_10\bag_003.wav,180.0
10,4,1,dataset\bags\file_10\bag_004.wav,240.0
10,5,1,dataset\bags\file_10\bag_005.wav,300.0
10,6,1,dataset\bags\file_10\bag_006.wav,360.0
10,7,1,dataset\bags\file_10\bag_007.wav,420.0
10,8,1,dataset\bags\file_10\bag_008.wav,480.0
10,9,1,dataset\bags\file_10\bag_009.wav,540.0
10,10,1,dataset\bags\file_10\bag_010.wav,600.0
10,11,1,dataset\bags\file_10\bag_011.wav,660.0
10,12,1,dataset\bags\file_10\bag_012.wav,720.0
10,13,1,dataset\bags\file_10\bag_013.wav,780.0
10,14,1,dataset\bags\file_10\bag_014.wav,840.0
10,15,1,dataset\bags\file_10\bag_015.wav,900.0
10,16,1,dataset\bags\file_10\bag_016.wav,960.0
10,17,0,dataset\bags\file_10\bag_017.wav,1020.0
10,18,1,dataset\bags\file_10\bag_018.wav,1080.0
10,19,0,dataset\bags\file_10\bag_019.wav,1140.0
10,20,1,dataset\bags\file_10\bag_020.wav,1200.0
10,21,1,dataset\bags\file_10\bag_021.wav,1260.0
10,22,0,dataset\bags\file_10\bag_022.wav,1320.0
10,23,0,dataset\bags\file_10\bag_023.wav,1380.0
10,24,0,dataset\bags\file_10\bag_024.wav,1440.0
10,25,0,dataset\bags\file_10\bag_025.wav,1500.0
10,26,0,dataset\bags\file_10\bag_026.wav,1560.0
10,27,0,dataset\bags\file_10\bag_027.wav,1620.0
10,28,0,dataset\bags\file_10\bag_028.wav,1680.0
11,0,0,dataset\bags\file_11\bag_000.wav,0.0
11,1,0,dataset\bags\file_11\bag_001.wav,60.0
11,2,1,dataset\bags\file_11\bag_002.wav,120.0
11,3,0,dataset\bags\file_11\bag_003.wav,180.0
11,4,0,dataset\bags\file_11\bag_004.wav,240.0
11,5,1,dataset\bags\file_11\bag_005.wav,300.0
11,6,0,dataset\bags\file_11\bag_006.wav,360.0
11,7,0,dataset\bags\file_11\bag_007.wav,420.0
11,8,0,dataset\bags\file_11\bag_008.wav,480.0
11,9,1,dataset\bags\file_11\bag_009.wav,540.0
11,10,1,dataset\bags\file_11\bag_010.wav,600.0
11,11,0,dataset\bags\file_11\bag_011.wav,660.0
12,0,0,dataset\bags\file_12\bag_000.wav,0.0
12,1,0,dataset\bags\file_12\bag_001.wav,60.0
12,2,0,dataset\bags\file_12\bag_002.wav,120.0
12,3,0,dataset\bags\file_12\bag_003.wav,180.0
12,4,0,dataset\bags\file_12\bag_004.wav,240.0
12,5,0,dataset\bags\file_12\bag_005.wav,300.0
12,6,0,dataset\bags\file_12\bag_006.wav,360.0
12,7,0,dataset\bags\file_12\bag_007.wav,420.0
12,8,0,dataset\bags\file_12\bag_008.wav,480.0
12,9,0,dataset\bags\file_12\bag_009.wav,540.0
12,10,0,dataset\bags\file_12\bag_010.wav,600.0
12,11,0,dataset\bags\file_12\bag_011.wav,660.0
12,12,0,dataset\bags\file_12\bag_012.wav,720.0
12,13,0,dataset\bags\file_12\bag_013.wav,780.0
12,14,0,dataset\bags\file_12\bag_014.wav,840.0
12,15,0,dataset\bags\file_12\bag_015.wav,900.0
12,16,0,dataset\bags\file_12\bag_016.wav,960.0
12,17,0,dataset\bags\file_12\bag_017.wav,1020.0
12,18,0,dataset\bags\file_12\bag_018.wav,1080.0
12,19,0,dataset\bags\file_12\bag_019.wav,1140.0
12,20,0,dataset\bags\file_12\bag_020.wav,1200.0
12,21,0,dataset\bags\file_12\bag_021.wav,1260.0
12,22,0,dataset\bags\file_12\bag_022.wav,1320.0
12,23,0,dataset\bags\file_12\bag_023.wav,1380.0
12,24,0,dataset\bags\file_12\bag_024.wav,1440.0
12,25,0,dataset\bags\file_12\bag_025.wav,1500.0
12,26,0,dataset\bags\file_12\bag_026.wav,1560.0
12,27,0,dataset\bags\file_12\bag_027.wav,1620.0
12,28,0,dataset\bags\file_12\bag_028.wav,1680.0
13,0,1,dataset\bags\file_13\bag_000.wav,0.0
13,1,1,dataset\bags\file_13\bag_001.wav,60.0
13,2,1,dataset\bags\file_13\bag_002.wav,120.0
13,3,1,dataset\bags\file_13\bag_003.wav,180.0
13,4,1,dataset\bags\file_13\bag_004.wav,240.0
13,5,0,dataset\bags\file_13\bag_005.wav,300.0
13,6,1,dataset\bags\file_13\bag_006.wav,360.0
13,7,1,dataset\bags\file_13\bag_007.wav,420.0
13,8,1,dataset\bags\file_13\bag_008.wav,480.0
13,9,0,dataset\bags\file_13\bag_009.wav,540.0
13,10,0,dataset\bags\file_13\bag_010.wav,600.0
13,11,0,dataset\bags\file_13\bag_011.wav,660.0
13,12,0,dataset\bags\file_13\bag_012.wav,720.0
13,13,0,dataset\bags\file_13\bag_013.wav,780.0
13,14,0,dataset\bags\file_13\bag_014.wav,840.0
13,15,0,dataset\bags\file_13\bag_015.wav,900.0
13,16,0,dataset\bags\file_13\bag_016.wav,960.0
13,17,0,dataset\bags\file_13\bag_017.wav,1020.0
13,18,0,dataset\bags\file_13\bag_018.wav,1080.0
13,19,0,dataset\bags\file_13\bag_019.wav,1140.0
13,20,0,dataset\bags\file_13\bag_020.wav,1200.0
13,21,0,dataset\bags\file_13\bag_021.wav,1260.0
13,22,0,dataset\bags\file_13\bag_022.wav,1320.0
13,23,0,dataset\bags\file_13\bag_023.wav,1380.0
13,24,0,dataset\bags\file_13\bag_024.wav,1440.0
13,25,0,dataset\bags\file_13\bag_025.wav,1500.0
13,26,0,dataset\bags\file_13\bag_026.wav,1560.0
13,27,0,dataset\bags\file_13\bag_027.wav,1620.0
13,28,0,dataset\bags\file_13\bag_028.wav,1680.0
14,0,0,dataset\bags\file_14\bag_000.wav,0.0
14,1,0,dataset\bags\file_14\bag_001.wav,60.0
14,2,1,dataset\bags\file_14\bag_002.wav,120.0
14,3,1,dataset\bags\file_14\bag_003.wav,180.0
14,4,1,dataset\bags\file_14\bag_004.wav,240.0
14,5,1,dataset\bags\file_14\bag_005.wav,300.0
14,6,1,dataset\bags\file_14\bag_006.wav,360.0
14,7,1,dataset\bags\file_14\bag_007.wav,420.0
14,8,0,dataset\bags\file_14\bag_008.wav,480.0
14,9,1,dataset\bags\file_14\bag_009.wav,540.0
14,10,1,dataset\bags\file_14\bag_010.wav,600.0
14,11,1,dataset\bags\file_14\bag_011.wav,660.0
14,12,1,dataset\bags\file_14\bag_012.wav,720.0
14,13,0,dataset\bags\file_14\bag_013.wav,780.0
14,14,0,dataset\bags\file_14\bag_014.wav,840.0
14,15,0,dataset\bags\file_14\bag_015.wav,900.0
14,16,0,dataset\bags\file_14\bag_016.wav,960.0
14,17,0,dataset\bags\file_14\bag_017.wav,1020.0
14,18,0,dataset\bags\file_14\bag_018.wav,1080.0
14,19,0,dataset\bags\file_14\bag_019.wav,1140.0
14,20,0,dataset\bags\file_14\bag_020.wav,1200.0
14,21,0,dataset\bags\file_14\bag_021.wav,1260.0
14,22,0,dataset\bags\file_14\bag_022.wav,1320.0
14,23,0,dataset\bags\file_14\bag_023.wav,1380.0
14,24,1,dataset\bags\file_14\bag_024.wav,1440.0
14,25,1,dataset\bags\file_14\bag_025.wav,1500.0
14,26,1,dataset\bags\file_14\bag_026.wav,1560.0
14,27,0,dataset\bags\file_14\bag_027.wav,1620.0
14,28,0,dataset\bags\file_14\bag_028.wav,1680.0
15,0,0,dataset\bags\file_15\bag_000.wav,0.0
15,1,0,dataset\bags\file_15\bag_001.wav,60.0
15,2,1,dataset\bags\file_15\bag_002.wav,120.0
15,3,0,dataset\bags\file_15\bag_003.wav,180.0
15,4,0,dataset\bags\file_15\bag_004.wav,240.0
15,5,0,dataset\bags\file_15\bag_005.wav,300.0
15,6,0,dataset\bags\file_15\bag_006.wav,360.0
15,7,0,dataset\bags\file_15\bag_007.wav,420.0
15,8,0,dataset\bags\file_15\bag_008.wav,480.0
15,9,0,dataset\bags\file_15\bag_009.wav,540.0
15,10,0,dataset\bags\file_15\bag_010.wav,600.0
15,11,0,dataset\bags\file_15\bag_011.wav,660.0
15,12,0,dataset\bags\file_15\bag_012.wav,720.0
15,13,0,dataset\bags\file_15\bag_013.wav,780.0
15,14,0,dataset\bags\file_15\bag_014.wav,840.0
15,15,1,dataset\bags\file_15\bag_015.wav,900.0
15,16,1,dataset\bags\file_15\bag_016.wav,960.0
16,0,0,dataset\bags\file_16\bag_000.wav,0.0
16,1,0,dataset\bags\file_16\bag_001.wav,60.0
16,2,0,dataset\bags\file_16\bag_002.wav,120.0
16,3,0,dataset\bags\file_16\bag_003.wav,180.0
16,4,0,dataset\bags\file_16\bag_004.wav,240.0
16,5,0,dataset\bags\file_16\bag_005.wav,300.0
16,6,0,dataset\bags\file_16\bag_006.wav,360.0
16,7,0,dataset\bags\file_16\bag_007.wav,420.0
16,8,0,dataset\bags\file_16\bag_008.wav,480.0
16,9,1,dataset\bags\file_16\bag_009.wav,540.0
16,10,0,dataset\bags\file_16\bag_010.wav,600.0
16,11,0,dataset\bags\file_16\bag_011.wav,660.0
16,12,0,dataset\bags\file_16\bag_012.wav,720.0
16,13,0,dataset\bags\file_16\bag_013.wav,780.0
16,14,0,dataset\bags\file_16\bag_014.wav,840.0
16,15,0,dataset\bags\file_16\bag_015.wav,900.0
16,16,0,dataset\bags\file_16\bag_016.wav,960.0
16,17,0,dataset\bags\file_16\bag_017.wav,1020.0
16,18,0,dataset\bags\file_16\bag_018.wav,1080.0
16,19,1,dataset\bags\file_16\bag_019.wav,1140.0
16,20,0,dataset\bags\file_16\bag_020.wav,1200.0
16,21,0,dataset\bags\file_16\bag_021.wav,1260.0
16,22,1,dataset\bags\file_16\bag_022.wav,1320.0
16,23,1,dataset\bags\file_16\bag_023.wav,1380.0
16,24,1,dataset\bags\file_16\bag_024.wav,1440.0
16,25,1,dataset\bags\file_16\bag_025.wav,1500.0
16,26,1,dataset\bags\file_16\bag_026.wav,1560.0
16,27,0,dataset\bags\file_16\bag_027.wav,1620.0
16,28,0,dataset\bags\file_16\bag_028.wav,1680.0
17,0,1,dataset\bags\file_17\bag_000.wav,0.0
17,1,1,dataset\bags\file_17\bag_001.wav,60.0
17,2,0,dataset\bags\file_17\bag_002.wav,120.0
17,3,1,dataset\bags\file_17\bag_003.wav,180.0
17,4,0,dataset\bags\file_17\bag_004.wav,240.0
17,5,0,dataset\bags\file_17\bag_005.wav,300.0
17,6,0,dataset\bags\file_17\bag_006.wav,360.0
17,7,1,dataset\bags\file_17\bag_007.wav,420.0
17,8,1,dataset\bags\file_17\bag_008.wav,480.0
17,9,1,dataset\bags\file_17\bag_009.wav,540.0
17,10,1,dataset\bags\file_17\bag_010.wav,600.0
17,11,1,dataset\bags\file_17\bag_011.wav,660.0
17,12,0,dataset\bags\file_17\bag_012.wav,720.0
17,13,1,dataset\bags\file_17\bag_013.wav,780.0
17,14,0,dataset\bags\file_17\bag_014.wav,840.0
17,15,0,dataset\bags\file_17\bag_015.wav,900.0
17,16,0,dataset\bags\file_17\bag_016.wav,960.0
17,17,0,dataset\bags\file_17\bag_017.wav,1020.0
17,18,0,dataset\bags\file_17\bag_018.wav,1080.0
17,19,1,dataset\bags\file_17\bag_019.wav,1140.0
17,20,1,dataset\bags\file_17\bag_020.wav,1200.0
17,21,1,dataset\bags\file_17\bag_021.wav,1260.0
17,22,0,dataset\bags\file_17\bag_022.wav,1320.0
17,23,0,dataset\bags\file_17\bag_023.wav,1380.0
17,24,0,dataset\bags\file_17\bag_024.wav,1440.0
17,25,0,dataset\bags\file_17\bag_025.wav,1500.0
17,26,1,dataset\bags\file_17\bag_026.wav,1560.0
17,27,1,dataset\bags\file_17\bag_027.wav,1620.0
17,28,0,dataset\bags\file_17\bag_028.wav,1680.0
18,0,0,dataset\bags\file_18\bag_000.wav,0.0
18,1,1,dataset\bags\file_18\bag_001.wav,60.0
18,2,0,dataset\bags\file_18\bag_002.wav,120.0
18,3,0,dataset\bags\file_18\bag_003.wav,180.0
18,4,1,dataset\bags\file_18\bag_004.wav,240.0
18,5,1,dataset\bags\file_18\bag_005.wav,300.0
18,6,1,dataset\bags\file_18\bag_006.wav,360.0
18,7,0,dataset\bags\file_18\bag_007.wav,420.0
18,8,0,dataset\bags\file_18\bag_008.wav,480.0
18,9,0,dataset\bags\file_18\bag_009.wav,540.0
18,10,0,dataset\bags\file_18\bag_010.wav,600.0
18,11,0,dataset\bags\file_18\bag_011.wav,660.0
18,12,0,dataset\bags\file_18\bag_012.wav,720.0
18,13,0,dataset\bags\file_18\bag_013.wav,780.0
18,14,0,dataset\bags\file_18\bag_014.wav,840.0
18,15,0,dataset\bags\file_18\bag_015.wav,900.0
18,16,0,dataset\bags\file_18\bag_016.wav,960.0
18,17,0,dataset\bags\file_18\bag_017.wav,1020.0
18,18,0,dataset\bags\file_18\bag_018.wav,1080.0
18,19,0,dataset\bags\file_18\bag_019.wav,1140.0
18,20,0,dataset\bags\file_18\bag_020.wav,1200.0
18,21,0,dataset\bags\file_18\bag_021.wav,1260.0
18,22,0,dataset\bags\file_18\bag_022.wav,1320.0
18,23,0,dataset\bags\file_18\bag_023.wav,1380.0
18,24,0,dataset\bags\file_18\bag_024.wav,1440.0
18,25,0,dataset\bags\file_18\bag_025.wav,1500.0
18,26,0,dataset\bags\file_18\bag_026.wav,1560.0
18,27,0,dataset\bags\file_18\bag_027.wav,1620.0
18,28,0,dataset\bags\file_18\bag_028.wav,1680.0
19,0,1,dataset\bags\file_19\bag_000.wav,0.0
19,1,1,dataset\bags\file_19\bag_001.wav,60.0
19,2,0,dataset\bags\file_19\bag_002.wav,120.0
19,3,0,dataset\bags\file_19\bag_003.wav,180.0
19,4,0,dataset\bags\file_19\bag_004.wav,240.0
19,5,0,dataset\bags\file_19\bag_005.wav,300.0
19,6,0,dataset\bags\file_19\bag_006.wav,360.0
19,7,1,dataset\bags\file_19\bag_007.wav,420.0
19,8,1,dataset\bags\file_19\bag_008.wav,480.0
19,9,0,dataset\bags\file_19\bag_009.wav,540.0
19,10,1,dataset\bags\file_19\bag_010.wav,600.0
19,11,0,dataset\bags\file_19\bag_011.wav,660.0
19,12,0,dataset\bags\file_19\bag_012.wav,720.0
19,13,0,dataset\bags\file_19\bag_013.wav,780.0
19,14,0,dataset\bags\file_19\bag_014.wav,840.0
19,15,0,dataset\bags\file_19\bag_015.wav,900.0
19,16,0,dataset\bags\file_19\bag_016.wav,960.0
19,17,0,dataset\bags\file_19\bag_017.wav,1020.0
19,18,0,dataset\bags\file_19\bag_018.wav,1080.0
19,19,0,dataset\bags\file_19\bag_019.wav,1140.0
19,20,1,dataset\bags\file_19\bag_020.wav,1200.0
19,21,1,dataset\bags\file_19\bag_021.wav,1260.0
19,22,1,dataset\bags\file_19\bag_022.wav,1320.0
19,23,0,dataset\bags\file_19\bag_023.wav,1380.0
19,24,0,dataset\bags\file_19\bag_024.wav,1440.0
19,25,0,dataset\bags\file_19\bag_025.wav,1500.0
19,26,0,dataset\bags\file_19\bag_026.wav,1560.0
19,27,0,dataset\bags\file_19\bag_027.wav,1620.0
19,28,0,dataset\bags\file_19\bag_028.wav,1680.0
20,0,0,dataset\bags\file_20\bag_000.wav,0.0
20,1,0,dataset\bags\file_20\bag_001.wav,60.0
20,2,1,dataset\bags\file_20\bag_002.wav,120.0
20,3,1,dataset\bags\file_20\bag_003.wav,180.0
20,4,0,dataset\bags\file_20\bag_004.wav,240.0
20,5,0,dataset\bags\file_20\bag_005.wav,300.0
20,6,0,dataset\bags\file_20\bag_006.wav,360.0
20,7,0,dataset\bags\file_20\bag_007.wav,420.0
20,8,0,dataset\bags\file_20\bag_008.wav,480.0
20,9,1,dataset\bags\file_20\bag_009.wav,540.0
20,10,0,dataset\bags\file_20\bag_010.wav,600.0
20,11,0,dataset\bags\file_20\bag_011.wav,660.0
20,12,0,dataset\bags\file_20\bag_012.wav,720.0
20,13,0,dataset\bags\file_20\bag_013.wav,780.0
20,14,0,dataset\bags\file_20\bag_014.wav,840.0
20,15,1,dataset\bags\file_20\bag_015.wav,900.0
20,16,0,dataset\bags\file_20\bag_016.wav,960.0
20,17,0,dataset\bags\file_20\bag_017.wav,1020.0
20,18,0,dataset\bags\file_20\bag_018.wav,1080.0
20,19,0,dataset\bags\file_20\bag_019.wav,1140.0
20,20,0,dataset\bags\file_20\bag_020.wav,1200.0
20,21,0,dataset\bags\file_20\bag_021.wav,1260.0
20,22,0,dataset\bags\file_20\bag_022.wav,1320.0
20,23,0,dataset\bags\file_20\bag_023.wav,1380.0
20,24,1,dataset\bags\file_20\bag_024.wav,1440.0
20,25,0,dataset\bags\file_20\bag_025.wav,1500.0
20,26,0,dataset\bags\file_20\bag_026.wav,1560.0
20,27,0,dataset\bags\file_20\bag_027.wav,1620.0
20,28,0,dataset\bags\file_20\bag_028.wav,1680.0
21,0,0,dataset\bags\file_21\bag_000.wav,0.0
21,1,0,dataset\bags\file_21\bag_001.wav,60.0
21,2,0,dataset\bags\file_21\bag_002.wav,120.0
21,3,0,dataset\bags\file_21\bag_003.wav,180.0
21,4,0,dataset\bags\file_21\bag_004.wav,240.0
21,5,1,dataset\bags\file_21\bag_005.wav,300.0
21,6,1,dataset\bags\file_21\bag_006.wav,360.0
21,7,0,dataset\bags\file_21\bag_007.wav,420.0
21,8,0,dataset\bags\file_21\bag_008.wav,480.0
21,9,0,dataset\bags\file_21\bag_009.wav,540.0
21,10,1,dataset\bags\file_21\bag_010.wav,600.0
21,11,1,dataset\bags\file_21\bag_011.wav,660.0
21,12,1,dataset\bags\file_21\bag_012.wav,720.0
21,13,1,dataset\bags\file_21\bag_013.wav,780.0
21,14,1,dataset\bags\file_21\bag_014.wav,840.0
21,15,0,dataset\bags\file_21\bag_015.wav,900.0
21,16,1,dataset\bags\file_21\bag_016.wav,960.0
21,17,1,dataset\bags\file_21\bag_017.wav,1020.0
21,18,0,dataset\bags\file_21\bag_018.wav,1080.0
21,19,0,dataset\bags\file_21\bag_019.wav,1140.0
21,20,1,dataset\bags\file_21\bag_020.wav,1200.0
21,21,1,dataset\bags\file_21\bag_021.wav,1260.0
21,22,1,dataset\bags\file_21\bag_022.wav,1320.0
21,23,0,dataset\bags\file_21\bag_023.wav,1380.0
21,24,1,dataset\bags\file_21\bag_024.wav,1440.0
21,25,1,dataset\bags\file_21\bag_025.wav,1500.0
21,26,1,dataset\bags\file_21\bag_026.wav,1560.0
21,27,1,dataset\bags\file_21\bag_027.wav,1620.0
21,28,0,dataset\bags\file_21\bag_028.wav,1680.0
22,0,1,dataset\bags\file_22\bag_000.wav,0.0
22,1,1,dataset\bags\file_22\bag_001.wav,60.0
22,2,0,dataset\bags\file_22\bag_002.wav,120.0
22,3,1,dataset\bags\file_22\bag_003.wav,180.0
22,4,0,dataset\bags\file_22\bag_004.wav,240.0
22,5,0,dataset\bags\file_22\bag_005.wav,300.0
22,6,0,dataset\bags\file_22\bag_006.wav,360.0
22,7,1,dataset\bags\file_22\bag_007.wav,420.0
22,8,0,dataset\bags\file_22\bag_008.wav,480.0
22,9,1,dataset\bags\file_22\bag_009.wav,540.0
22,10,1,dataset\bags\file_22\bag_010.wav,600.0
22,11,1,dataset\bags\file_22\bag_011.wav,660.0
22,12,1,dataset\bags\file_22\bag_012.wav,720.0
22,13,1,dataset\bags\file_22\bag_013.wav,780.0
22,14,1,dataset\bags\file_22\bag_014.wav,840.0
22,15,0,dataset\bags\file_22\bag_015.wav,900.0
22,16,0,dataset\bags\file_22\bag_016.wav,960.0
22,17,1,dataset\bags\file_22\bag_017.wav,1020.0
22,18,1,dataset\bags\file_22\bag_018.wav,1080.0
22,19,1,dataset\bags\file_22\bag_019.wav,1140.0
22,20,0,dataset\bags\file_22\bag_020.wav,1200.0
22,21,1,dataset\bags\file_22\bag_021.wav,1260.0
22,22,0,dataset\bags\file_22\bag_022.wav,1320.0
22,23,0,dataset\bags\file_22\bag_023.wav,1380.0
22,24,0,dataset\bags\file_22\bag_024.wav,1440.0
22,25,0,dataset\bags\file_22\bag_025.wav,1500.0
22,26,1,dataset\bags\file_22\bag_026.wav,1560.0
22,27,1,dataset\bags\file_22\bag_027.wav,1620.0
22,28,1,dataset\bags\file_22\bag_028.wav,1680.0
23,0,1,dataset\bags\file_23\bag_000.wav,0.0
23,1,1,dataset\bags\file_23\bag_001.wav,60.0
23,2,1,dataset\bags\file_23\bag_002.wav,120.0
23,3,0,dataset\bags\file_23\bag_003.wav,180.0
23,4,1,dataset\bags\file_23\bag_004.wav,240.0
23,5,0,dataset\bags\file_23\bag_005.wav,300.0
23,6,1,dataset\bags\file_23\bag_006.wav,360.0
23,7,1,dataset\bags\file_23\bag_007.wav,420.0
23,8,0,dataset\bags\file_23\bag_008.wav,480.0
23,9,0,dataset\bags\file_23\bag_009.wav,540.0
23,10,0,dataset\bags\file_23\bag_010.wav,600.0
23,11,0,dataset\bags\file_23\bag_011.wav,660.0
23,12,0,dataset\bags\file_23\bag_012.wav,720.0
23,13,0,dataset\bags\file_23\bag_013.wav,780.0
23,14,0,dataset\bags\file_23\bag_014.wav,840.0
23,15,0,dataset\bags\file_23\bag_015.wav,900.0
23,16,0,dataset\bags\file_23\bag_016.wav,960.0
23,17,0,dataset\bags\file_23\bag_017.wav,1020.0
23,18,0,dataset\bags\file_23\bag_018.wav,1080.0
23,19,0,dataset\bags\file_23\bag_019.wav,1140.0
23,20,0,dataset\bags\file_23\bag_020.wav,1200.0
23,21,0,dataset\bags\file_23\bag_021.wav,1260.0
23,22,0,dataset\bags\file_23\bag_022.wav,1320.0
23,23,0,dataset\bags\file_23\bag_023.wav,1380.0
23,24,0,dataset\bags\file_23\bag_024.wav,1440.0
23,25,0,dataset\bags\file_23\bag_025.wav,1500.0
23,26,0,dataset\bags\file_23\bag_026.wav,1560.0
23,27,1,dataset\bags\file_23\bag_027.wav,1620.0
23,28,1,dataset\bags\file_23\bag_028.wav,1680.0
24,0,1,dataset\bags\file_24\bag_000.wav,0.0
24,1,0,dataset\bags\file_24\bag_001.wav,60.0
24,2,1,dataset\bags\file_24\bag_002.wav,120.0
24,3,1,dataset\bags\file_24\bag_003.wav,180.0
24,4,0,dataset\bags\file_24\bag_004.wav,240.0
24,5,1,dataset\bags\file_24\bag_005.wav,300.0
24,6,0,dataset\bags\file_24\bag_006.wav,360.0
24,7,0,dataset\bags\file_24\bag_007.wav,420.0
24,8,1,dataset\bags\file_24\bag_008.wav,480.0
24,9,1,dataset\bags\file_24\bag_009.wav,540.0
24,10,1,dataset\bags\file_24\bag_010.wav,600.0
24,11,1,dataset\bags\file_24\bag_011.wav,660.0
24,12,1,dataset\bags\file_24\bag_012.wav,720.0
24,13,0,dataset\bags\file_24\bag_013.wav,780.0
24,14,0,dataset\bags\file_24\bag_014.wav,840.0
24,15,0,dataset\bags\file_24\bag_015.wav,900.0
24,16,0,dataset\bags\file_24\bag_016.wav,960.0
24,17,0,dataset\bags\file_24\bag_017.wav,1020.0
24,18,0,dataset\bags\file_24\bag_018.wav,1080.0
24,19,0,dataset\bags\file_24\bag_019.wav,1140.0
24,20,1,dataset\bags\file_24\bag_020.wav,1200.0
24,21,1,dataset\bags\file_24\bag_021.wav,1260.0
24,22,1,dataset\bags\file_24\bag_022.wav,1320.0
24,23,0,dataset\bags\file_24\bag_023.wav,1380.0
24,24,0,dataset\bags\file_24\bag_024.wav,1440.0
24,25,0,dataset\bags\file_24\bag_025.wav,1500.0
24,26,1,dataset\bags\file_24\bag_026.wav,1560.0
24,27,0,dataset\bags\file_24\bag_027.wav,1620.0
24,28,0,dataset\bags\file_24\bag_028.wav,1680.0
25,0,0,dataset\bags\file_25\bag_000.wav,0.0
25,1,1,dataset\bags\file_25\bag_001.wav,60.0
25,2,0,dataset\bags\file_25\bag_002.wav,120.0
25,3,0,dataset\bags\file_25\bag_003.wav,180.0
25,4,0,dataset\bags\file_25\bag_004.wav,240.0
25,5,0,dataset\bags\file_25\bag_005.wav,300.0
25,6,1,dataset\bags\file_25\bag_006.wav,360.0
25,7,1,dataset\bags\file_25\bag_007.wav,420.0
25,8,1,dataset\bags\file_25\bag_008.wav,480.0
25,9,1,dataset\bags\file_25\bag_009.wav,540.0
25,10,1,dataset\bags\file_25\bag_010.wav,600.0
25,11,0,dataset\bags\file_25\bag_011.wav,660.0
25,12,0,dataset\bags\file_25\bag_012.wav,720.0
25,13,0,dataset\bags\file_25\bag_013.wav,780.0
25,14,1,dataset\bags\file_25\bag_014.wav,840.0
25,15,0,dataset\bags\file_25\bag_015.wav,900.0
25,16,0,dataset\bags\file_25\bag_016.wav,960.0
25,17,0,dataset\bags\file_25\bag_017.wav,1020.0
25,18,1,dataset\bags\file_25\bag_018.wav,1080.0
25,19,1,dataset\bags\file_25\bag_019.wav,1140.0
25,20,1,dataset\bags\file_25\bag_020.wav,1200.0
25,21,0,dataset\bags\file_25\bag_021.wav,1260.0
25,22,0,dataset\bags\file_25\bag_022.wav,1320.0
25,23,0,dataset\bags\file_25\bag_023.wav,1380.0
25,24,0,dataset\bags\file_25\bag_024.wav,1440.0
25,25,1,dataset\bags\file_25\bag_025.wav,1500.0
25,26,0,dataset\bags\file_25\bag_026.wav,1560.0
25,27,0,dataset\bags\file_25\bag_027.wav,1620.0
25,28,0,dataset\bags\file_25\bag_028.wav,1680.0
26,0,0,dataset\bags\file_26\bag_000.wav,0.0
26,1,0,dataset\bags\file_26\bag_001.wav,60.0
26,2,0,dataset\bags\file_26\bag_002.wav,120.0
26,3,0,dataset\bags\file_26\bag_003.wav,180.0
26,4,0,dataset\bags\file_26\bag_004.wav,240.0
26,5,1,dataset\bags\file_26\bag_005.wav,300.0
26,6,1,dataset\bags\file_26\bag_006.wav,360.0
26,7,0,dataset\bags\file_26\bag_007.wav,420.0
26,8,0,dataset\bags\file_26\bag_008.wav,480.0
26,9,0,dataset\bags\file_26\bag_009.wav,540.0
26,10,1,dataset\bags\file_26\bag_010.wav,600.0
26,11,0,dataset\bags\file_26\bag_011.wav,660.0
26,12,0,dataset\bags\file_26\bag_012.wav,720.0
26,13,0,dataset\bags\file_26\bag_013.wav,780.0
26,14,0,dataset\bags\file_26\bag_014.wav,840.0
26,15,0,dataset\bags\file_26\bag_015.wav,900.0
26,16,0,dataset\bags\file_26\bag_016.wav,960.0
26,17,0,dataset\bags\file_26\bag_017.wav,1020.0
26,18,0,dataset\bags\file_26\bag_018.wav,1080.0
26,19,0,dataset\bags\file_26\bag_019.wav,1140.0
26,20,0,dataset\bags\file_26\bag_020.wav,1200.0
26,21,0,dataset\bags\file_26\bag_021.wav,1260.0
26,22,0,dataset\bags\file_26\bag_022.wav,1320.0
26,23,0,dataset\bags\file_26\bag_023.wav,1380.0
26,24,0,dataset\bags\file_26\bag_024.wav,1440.0
26,25,0,dataset\bags\file_26\bag_025.wav,1500.0
26,26,0,dataset\bags\file_26\bag_026.wav,1560.0
26,27,0,dataset\bags\file_26\bag_027.wav,1620.0
26,28,0,dataset\bags\file_26\bag_028.wav,1680.0
27,0,0,dataset\bags\file_27\bag_000.wav,0.0
27,1,0,dataset\bags\file_27\bag_001.wav,60.0
27,2,0,dataset\bags\file_27\bag_002.wav,120.0
27,3,0,dataset\bags\file_27\bag_003.wav,180.0
27,4,0,dataset\bags\file_27\bag_004.wav,240.0
27,5,0,dataset\bags\file_27\bag_005.wav,300.0
27,6,1,dataset\bags\file_27\bag_006.wav,360.0
27,7,0,dataset\bags\file_27\bag_007.wav,420.0
27,8,0,dataset\bags\file_27\bag_008.wav,480.0
27,9,0,dataset\bags\file_27\bag_009.wav,540.0
27,10,0,dataset\bags\file_27\bag_010.wav,600.0
27,11,0,dataset\bags\file_27\bag_011.wav,660.0
27,12,0,dataset\bags\file_27\bag_012.wav,720.0
27,13,0,dataset\bags\file_27\bag_013.wav,780.0
27,14,0,dataset\bags\file_27\bag_014.wav,840.0
27,15,0,dataset\bags\file_27\bag_015.wav,900.0
27,16,0,dataset\bags\file_27\bag_016.wav,960.0
27,17,0,dataset\bags\file_27\bag_017.wav,1020.0
27,18,0,dataset\bags\file_27\bag_018.wav,1080.0
27,19,1,dataset\bags\file_27\bag_019.wav,1140.0
27,20,0,dataset\bags\file_27\bag_020.wav,1200.0
27,21,0,dataset\bags\file_27\bag_021.wav,1260.0
27,22,0,dataset\bags\file_27\bag_022.wav,1320.0
27,23,0,dataset\bags\file_27\bag_023.wav,1380.0
27,24,0,dataset\bags\file_27\bag_024.wav,1440.0
27,25,0,dataset\bags\file_27\bag_025.wav,1500.0
27,26,0,dataset\bags\file_27\bag_026.wav,1560.0
27,27,0,dataset\bags\file_27\bag_027.wav,1620.0
27,28,0,dataset\bags\file_27\bag_028.wav,1680.0
28,0,0,dataset\bags\file_28\bag_000.wav,0.0
28,1,0,dataset\bags\file_28\bag_001.wav,60.0
28,2,0,dataset\bags\file_28\bag_002.wav,120.0
28,3,0,dataset\bags\file_28\bag_003.wav,180.0
28,4,0,dataset\bags\file_28\bag_004.wav,240.0
28,5,1,dataset\bags\file_28\bag_005.wav,300.0
28,6,0,dataset\bags\file_28\bag_006.wav,360.0
28,7,0,dataset\bags\file_28\bag_007.wav,420.0
28,8,0,dataset\bags\file_28\bag_008.wav,480.0
28,9,1,dataset\bags\file_28\bag_009.wav,540.0
28,10,1,dataset\bags\file_28\bag_010.wav,600.0
28,11,0,dataset\bags\file_28\bag_011.wav,660.0
28,12,0,dataset\bags\file_28\bag_012.wav,720.0
28,13,1,dataset\bags\file_28\bag_013.wav,780.0
28,14,0,dataset\bags\file_28\bag_014.wav,840.0
28,15,0,dataset\bags\file_28\bag_015.wav,900.0
28,16,0,dataset\bags\file_28\bag_016.wav,960.0
28,17,0,dataset\bags\file_28\bag_017.wav,1020.0
28,18,0,dataset\bags\file_28\bag_018.wav,1080.0
28,19,0,dataset\bags\file_28\bag_019.wav,1140.0
28,20,0,dataset\bags\file_28\bag_020.wav,1200.0
28,21,0,dataset\bags\file_28\bag_021.wav,1260.0
28,22,0,dataset\bags\file_28\bag_022.wav,1320.0
28,23,0,dataset\bags\file_28\bag_023.wav,1380.0
28,24,0,dataset\bags\file_28\bag_024.wav,1440.0
28,25,0,dataset\bags\file_28\bag_025.wav,1500.0
28,26,0,dataset\bags\file_28\bag_026.wav,1560.0
28,27,1,dataset\bags\file_28\bag_027.wav,1620.0
28,28,1,dataset\bags\file_28\bag_028.wav,1680.0
29,0,0,dataset\bags\file_29\bag_000.wav,0.0
29,1,0,dataset\bags\file_29\bag_001.wav,60.0
29,2,0,dataset\bags\file_29\bag_002.wav,120.0
29,3,1,dataset\bags\file_29\bag_003.wav,180.0
29,4,1,dataset\bags\file_29\bag_004.wav,240.0
29,5,1,dataset\bags\file_29\bag_005.wav,300.0
29,6,1,dataset\bags\file_29\bag_006.wav,360.0
29,7,1,dataset\bags\file_29\bag_007.wav,420.0
29,8,1,dataset\bags\file_29\bag_008.wav,480.0
29,9,0,dataset\bags\file_29\bag_009.wav,540.0
29,10,1,dataset\bags\file_29\bag_010.wav,600.0
29,11,1,dataset\bags\file_29\bag_011.wav,660.0
29,12,1,dataset\bags\file_29\bag_012.wav,720.0
29,13,1,dataset\bags\file_29\bag_013.wav,780.0
29,14,1,dataset\bags\file_29\bag_014.wav,840.0
29,15,1,dataset\bags\file_29\bag_015.wav,900.0
29,16,0,dataset\bags\file_29\bag_016.wav,960.0
29,17,1,dataset\bags\file_29\bag_017.wav,1020.0
29,18,1,dataset\bags\file_29\bag_018.wav,1080.0
29,19,1,dataset\bags\file_29\bag_019.wav,1140.0
29,20,0,dataset\bags\file_29\bag_020.wav,1200.0
29,21,0,dataset\bags\file_29\bag_021.wav,1260.0
29,22,0,dataset\bags\file_29\bag_022.wav,1320.0
29,23,1,dataset\bags\file_29\bag_023.wav,1380.0
29,24,0,dataset\bags\file_29\bag_024.wav,1440.0
29,25,1,dataset\bags\file_29\bag_025.wav,1500.0
29,26,0,dataset\bags\file_29\bag_026.wav,1560.0
29,27,1,dataset\bags\file_29\bag_027.wav,1620.0
29,28,0,dataset\bags\file_29\bag_028.wav,1680.0
30,0,0,dataset\bags\file_30\bag_000.wav,0.0
30,1,0,dataset\bags\file_30\bag_001.wav,60.0
30,2,1,dataset\bags\file_30\bag_002.wav,120.0
30,3,1,dataset\bags\file_30\bag_003.wav,180.0
30,4,1,dataset\bags\file_30\bag_004.wav,240.0
30,5,1,dataset\bags\file_30\bag_005.wav,300.0
30,6,0,dataset\bags\file_30\bag_006.wav,360.0
30,7,0,dataset\bags\file_30\bag_007.wav,420.0
30,8,0,dataset\bags\file_30\bag_008.wav,480.0
30,9,0,dataset\bags\file_30\bag_009.wav,540.0
30,10,1,dataset\bags\file_30\bag_010.wav,600.0
30,11,1,dataset\bags\file_30\bag_011.wav,660.0
30,12,1,dataset\bags\file_30\bag_012.wav,720.0
30,13,0,dataset\bags\file_30\bag_013.wav,780.0
30,14,0,dataset\bags\file_30\bag_014.wav,840.0
30,15,1,dataset\bags\file_30\bag_015.wav,900.0
30,16,1,dataset\bags\file_30\bag_016.wav,960.0
30,17,0,dataset\bags\file_30\bag_017.wav,1020.0
30,18,1,dataset\bags\file_30\bag_018.wav,1080.0
30,19,1,dataset\bags\file_30\bag_019.wav,1140.0
30,20,0,dataset\bags\file_30\bag_020.wav,1200.0
30,21,0,dataset\bags\file_30\bag_021.wav,1260.0
30,22,1,dataset\bags\file_30\bag_022.wav,1320.0
30,23,0,dataset\bags\file_30\bag_023.wav,1380.0
30,24,0,dataset\bags\file_30\bag_024.wav,1440.0
30,25,0,dataset\bags\file_30\bag_025.wav,1500.0
30,26,0,dataset\bags\file_30\bag_026.wav,1560.0
30,27,0,dataset\bags\file_30\bag_027.wav,1620.0
30,28,0,dataset\bags\file_30\bag_028.wav,1680.0
31,0,0,dataset\bags\file_31\bag_000.wav,0.0
31,1,0,dataset\bags\file_31\bag_001.wav,60.0
31,2,0,dataset\bags\file_31\bag_002.wav,120.0
31,3,1,dataset\bags\file_31\bag_003.wav,180.0
31,4,0,dataset\bags\file_31\bag_004.wav,240.0
31,5,0,dataset\bags\file_31\bag_005.wav,300.0
31,6,0,dataset\bags\file_31\bag_006.wav,360.0
31,7,1,dataset\bags\file_31\bag_007.wav,420.0
31,8,0,dataset\bags\file_31\bag_008.wav,480.0
31,9,0,dataset\bags\file_31\bag_009.wav,540.0
31,10,0,dataset\bags\file_31\bag_010.wav,600.0
31,11,1,dataset\bags\file_31\bag_011.wav,660.0
31,12,1,dataset\bags\file_31\bag_012.wav,720.0
31,13,1,dataset\bags\file_31\bag_013.wav,780.0
31,14,0,dataset\bags\file_31\bag_014.wav,840.0
31,15,0,dataset\bags\file_31\bag_015.wav,900.0
31,16,0,dataset\bags\file_31\bag_016.wav,960.0
31,17,0,dataset\bags\file_31\bag_017.wav,1020.0
31,18,0,dataset\bags\file_31\bag_018.wav,1080.0
31,19,0,dataset\bags\file_31\bag_019.wav,1140.0
31,20,0,dataset\bags\file_31\bag_020.wav,1200.0
31,21,0,dataset\bags\file_31\bag_021.wav,1260.0
31,22,0,dataset\bags\file_31\bag_022.wav,1320.0
31,23,0,dataset\bags\file_31\bag_023.wav,1380.0
31,24,1,dataset\bags\file_31\bag_024.wav,1440.0
31,25,1,dataset\bags\file_31\bag_025.wav,1500.0
31,26,1,dataset\bags\file_31\bag_026.wav,1560.0
31,27,0,dataset\bags\file_31\bag_027.wav,1620.0
31,28,0,dataset\bags\file_31\bag_028.wav,1680.0
32,0,0,dataset\bags\file_32\bag_000.wav,0.0
32,1,0,dataset\bags\file_32\bag_001.wav,60.0
32,2,0,dataset\bags\file_32\bag_002.wav,120.0
32,3,0,dataset\bags\file_32\bag_003.wav,180.0
32,4,0,dataset\bags\file_32\bag_004.wav,240.0
32,5,0,dataset\bags\file_32\bag_005.wav,300.0
32,6,0,dataset\bags\file_32\bag_006.wav,360.0
32,7,0,dataset\bags\file_32\bag_007.wav,420.0
32,8,1,dataset\bags\file_32\bag_008.wav,480.0
32,9,1,dataset\bags\file_32\bag_009.wav,540.0
32,10,1,dataset\bags\file_32\bag_010.wav,600.0
32,11,1,dataset\bags\file_32\bag_011.wav,660.0
32,12,0,dataset\bags\file_32\bag_012.wav,720.0
32,13,0,dataset\bags\file_32\bag_013.wav,780.0
32,14,0,dataset\bags\file_32\bag_014.wav,840.0
32,15,0,dataset\bags\file_32\bag_015.wav,900.0
32,16,1,dataset\bags\file_32\bag_016.wav,960.0
32,17,1,dataset\bags\file_32\bag_017.wav,1020.0
32,18,0,dataset\bags\file_32\bag_018.wav,1080.0
32,19,0,dataset\bags\file_32\bag_019.wav,1140.0
32,20,0,dataset\bags\file_32\bag_020.wav,1200.0
32,21,0,dataset\bags\file_32\bag_021.wav,1260.0
32,22,0,dataset\bags\file_32\bag_022.wav,1320.0
32,23,0,dataset\bags\file_32\bag_023.wav,1380.0
32,24,0,dataset\bags\file_32\bag_024.wav,1440.0
32,25,0,dataset\bags\file_32\bag_025.wav,1500.0
32,26,0,dataset\bags\file_32\bag_026.wav,1560.0
32,27,0,dataset\bags\file_32\bag_027.wav,1620.0
32,28,0,dataset\bags\file_32\bag_028.wav,1680.0
33,0,0,dataset\bags\file_33\bag_000.wav,0.0
33,1,0,dataset\bags\file_33\bag_001.wav,60.0
33,2,0,dataset\bags\file_33\bag_002.wav,120.0
33,3,0,dataset\bags\file_33\bag_003.wav,180.0
33,4,0,dataset\bags\file_33\bag_004.wav,240.0
33,5,0,dataset\bags\file_33\bag_005.wav,300.0
33,6,0,dataset\bags\file_33\bag_006.wav,360.0
33,7,0,dataset\bags\file_33\bag_007.wav,420.0
33,8,0,dataset\bags\file_33\bag_008.wav,480.0
33,9,0,dataset\bags\file_33\bag_009.wav,540.0
33,10,0,dataset\bags\file_33\bag_010.wav,600.0
33,11,0,dataset\bags\file_33\bag_011.wav,660.0
33,12,0,dataset\bags\file_33\bag_012.wav,720.0
33,13,0,dataset\bags\file_33\bag_013.wav,780.0
33,14,0,dataset\bags\file_33\bag_014.wav,840.0
33,15,0,dataset\bags\file_33\bag_015.wav,900.0
33,16,0,dataset\bags\file_33\bag_016.wav,960.0
33,17,0,dataset\bags\file_33\bag_017.wav,1020.0
33,18,0,dataset\bags\file_33\bag_018.wav,1080.0
33,19,0,dataset\bags\file_33\bag_019.wav,1140.0
33,20,0,dataset\bags\file_33\bag_020.wav,1200.0
33,21,0,dataset\bags\file_33\bag_021.wav,1260.0
33,22,0,dataset\bags\file_33\bag_022.wav,1320.0
33,23,0,dataset\bags\file_33\bag_023.wav,1380.0
33,24,0,dataset\bags\file_33\bag_024.wav,1440.0
33,25,1,dataset\bags\file_33\bag_025.wav,1500.0
33,26,0,dataset\bags\file_33\bag_026.wav,1560.0
33,27,0,dataset\bags\file_33\bag_027.wav,1620.0
33,28,0,dataset\bags\file_33\bag_028.wav,1680.0
34,0,1,dataset\bags\file_34\bag_000.wav,0.0
34,1,0,dataset\bags\file_34\bag_001.wav,60.0
34,2,0,dataset\bags\file_34\bag_002.wav,120.0
34,3,1,dataset\bags\file_34\bag_003.wav,180.0
34,4,0,dataset\bags\file_34\bag_004.wav,240.0
34,5,0,dataset\bags\file_34\bag_005.wav,300.0
34,6,0,dataset\bags\file_34\bag_006.wav,360.0
34,7,0,dataset\bags\file_34\bag_007.wav,420.0
34,8,0,dataset\bags\file_34\bag_008.wav,480.0
34,9,0,dataset\bags\file_34\bag_009.wav,540.0
34,10,0,dataset\bags\file_34\bag_010.wav,600.0
34,11,0,dataset\bags\file_34\bag_011.wav,660.0
34,12,0,dataset\bags\file_34\bag_012.wav,720.0
34,13,0,dataset\bags\file_34\bag_013.wav,780.0
34,14,0,dataset\bags\file_34\bag_014.wav,840.0
34,15,0,dataset\bags\file_34\bag_015.wav,900.0
34,16,0,dataset\bags\file_34\bag_016.wav,960.0
34,17,0,dataset\bags\file_34\bag_017.wav,1020.0
34,18,0,dataset\bags\file_34\bag_018.wav,1080.0
34,19,0,dataset\bags\file_34\bag_019.wav,1140.0
34,20,0,dataset\bags\file_34\bag_020.wav,1200.0
34,21,0,dataset\bags\file_34\bag_021.wav,1260.0
34,22,0,dataset\bags\file_34\bag_022.wav,1320.0
34,23,0,dataset\bags\file_34\bag_023.wav,1380.0
34,24,0,dataset\bags\file_34\bag_024.wav,1440.0
34,25,0,dataset\bags\file_34\bag_025.wav,1500.0
34,26,0,dataset\bags\file_34\bag_026.wav,1560.0
34,27,0,dataset\bags\file_34\bag_027.wav,1620.0
34,28,0,dataset\bags\file_34\bag_028.wav,1680.0
35,0,0,dataset\bags\file_35\bag_000.wav,0.0
35,1,0,dataset\bags\file_35\bag_001.wav,60.0
35,2,0,dataset\bags\file_35\bag_002.wav,120.0
35,3,0,dataset\bags\file_35\bag_003.wav,180.0
35,4,0,dataset\bags\file_35\bag_004.wav,240.0
35,5,0,dataset\bags\file_35\bag_005.wav,300.0
35,6,0,dataset\bags\file_35\bag_006.wav,360.0
35,7,0,dataset\bags\file_35\bag_007.wav,420.0
35,8,0,dataset\bags\file_35\bag_008.wav,480.0
35,9,0,dataset\bags\file_35\bag_009.wav,540.0
35,10,0,dataset\bags\file_35\bag_010.wav,600.0
35,11,0,dataset\bags\file_35\bag_011.wav,660.0
35,12,0,dataset\bags\file_35\bag_012.wav,720.0
35,13,0,dataset\bags\file_35\bag_013.wav,780.0
35,14,0,dataset\bags\file_35\bag_014.wav,840.0
35,15,0,dataset\bags\file_35\bag_015.wav,900.0
35,16,0,dataset\bags\file_35\bag_016.wav,960.0
35,17,0,dataset\bags\file_35\bag_017.wav,1020.0
35,18,0,dataset\bags\file_35\bag_018.wav,1080.0
35,19,0,dataset\bags\file_35\bag_019.wav,1140.0
35,20,0,dataset\bags\file_35\bag_020.wav,1200.0
35,21,0,dataset\bags\file_35\bag_021.wav,1260.0
35,22,0,dataset\bags\file_35\bag_022.wav,1320.0
35,23,0,dataset\bags\file_35\bag_023.wav,1380.0
35,24,1,dataset\bags\file_35\bag_024.wav,1440.0
35,25,1,dataset\bags\file_35\bag_025.wav,1500.0
35,26,0,dataset\bags\file_35\bag_026.wav,1560.0
35,27,0,dataset\bags\file_35\bag_027.wav,1620.0
35,28,0,dataset\bags\file_35\bag_028.wav,1680.0
