file_num,audio_file,bag_idx,bag_start_sec,bag_end_sec,label,train_duration_sec,audio_duration_sec
1,Ori_Recording_01.wav,0,0.0,60.0,0,0.0,1799.44
1,Ori_Recording_01.wav,1,60.0,120.0,0,0.0,1799.44
1,Ori_Recording_01.wav,2,120.0,180.0,0,0.0,1799.44
1,Ori_Recording_01.wav,3,180.0,240.0,0,0.0,1799.44
1,Ori_Recording_01.wav,4,240.0,300.0,1,1.0277,1799.44
1,Ori_Recording_01.wav,5,300.0,360.0,0,0.0,1799.44
1,Ori_Recording_01.wav,6,360.0,420.0,1,0.4615,1799.44
1,Ori_Recording_01.wav,7,420.0,480.0,0,0.0,1799.44
1,Ori_Recording_01.wav,8,480.0,540.0,0,0.0,1799.44
1,Ori_Recording_01.wav,9,540.0,600.0,0,0.0,1799.44
1,Ori_Recording_01.wav,10,600.0,660.0,0,0.0,1799.44
1,Ori_Recording_01.wav,11,660.0,720.0,0,0.0,1799.44
1,Ori_Recording_01.wav,12,720.0,780.0,0,0.0,1799.44
1,Ori_Recording_01.wav,13,780.0,840.0,0,0.0,1799.44
1,Ori_Recording_01.wav,14,840.0,900.0,1,0.154,1799.44
1,Ori_Recording_01.wav,15,900.0,960.0,0,0.0,1799.44
1,Ori_Recording_01.wav,16,960.0,1020.0,1,2.969,1799.44
1,Ori_Recording_01.wav,17,1020.0,1080.0,0,0.0,1799.44
1,Ori_Recording_01.wav,18,1080.0,1140.0,0,0.0,1799.44
1,Ori_Recording_01.wav,19,1140.0,1200.0,0,0.0,1799.44
1,Ori_Recording_01.wav,20,1200.0,1260.0,0,0.0,1799.44
1,Ori_Recording_01.wav,21,1260.0,1320.0,0,0.0,1799.44
1,Ori_Recording_01.wav,22,1320.0,1380.0,0,0.0,1799.44
1,Ori_Recording_01.wav,23,1380.0,1440.0,0,0.0,1799.44
1,Ori_Recording_01.wav,24,1440.0,1500.0,0,0.0,1799.44
1,Ori_Recording_01.wav,25,1500.0,1560.0,1,0.1492,1799.44
1,Ori_Recording_01.wav,26,1560.0,1620.0,0,0.0,1799.44
1,Ori_Recording_01.wav,27,1620.0,1680.0,1,0.0559,1799.44
1,Ori_Recording_01.wav,28,1680.0,1740.0,0,0.0,1799.44
2,Ori_Recording_02.wav,0,0.0,60.0,1,17.47,1799.95
2,Ori_Recording_02.wav,1,60.0,120.0,1,4.9026,1799.95
2,Ori_Recording_02.wav,2,120.0,180.0,1,6.5035,1799.95
2,Ori_Recording_02.wav,3,180.0,240.0,0,0.0,1799.95
2,Ori_Recording_02.wav,4,240.0,300.0,0,0.0,1799.95
2,Ori_Recording_02.wav,5,300.0,360.0,0,0.0,1799.95
2,Ori_Recording_02.wav,6,360.0,420.0,0,0.0,1799.95
2,Ori_Recording_02.wav,7,420.0,480.0,0,0.0,1799.95
2,Ori_Recording_02.wav,8,480.0,540.0,0,0.0,1799.95
2,Ori_Recording_02.wav,9,540.0,600.0,1,4.3813,1799.95
2,Ori_Recording_02.wav,10,600.0,660.0,1,7.1381,1799.95
2,Ori_Recording_02.wav,11,660.0,720.0,1,6.2344,1799.95
2,Ori_Recording_02.wav,12,720.0,780.0,1,3.7521,1799.95
2,Ori_Recording_02.wav,13,780.0,840.0,1,10.0687,1799.95
2,Ori_Recording_02.wav,14,840.0,900.0,1,20.8368,1799.95
2,Ori_Recording_02.wav,15,900.0,960.0,1,1.4195,1799.95
2,Ori_Recording_02.wav,16,960.0,1020.0,1,4.5702,1799.95
2,Ori_Recording_02.wav,17,1020.0,1080.0,1,4.0639,1799.95
2,Ori_Recording_02.wav,18,1080.0,1140.0,1,7.2342,1799.95
2,Ori_Recording_02.wav,19,1140.0,1200.0,1,1.9436,1799.95
2,Ori_Recording_02.wav,20,1200.0,1260.0,1,1.0407,1799.95
2,Ori_Recording_02.wav,21,1260.0,1320.0,0,0.0,1799.95
2,Ori_Recording_02.wav,22,1320.0,1380.0,0,0.0,1799.95
2,Ori_Recording_02.wav,23,1380.0,1440.0,1,16.973,1799.95
2,Ori_Recording_02.wav,24,1440.0,1500.0,1,3.0358,1799.95
2,Ori_Recording_02.wav,25,1500.0,1560.0,1,8.3193,1799.95
2,Ori_Recording_02.wav,26,1560.0,1620.0,1,2.2005,1799.95
2,Ori_Recording_02.wav,27,1620.0,1680.0,1,3.8047,1799.95
2,Ori_Recording_02.wav,28,1680.0,1740.0,1,1.0898,1799.95
3,Ori_Recording_03.wav,0,0.0,60.0,0,0.0,1799.97
3,Ori_Recording_03.wav,1,60.0,120.0,0,0.0,1799.97
3,Ori_Recording_03.wav,2,120.0,180.0,0,0.0,1799.97
3,Ori_Recording_03.wav,3,180.0,240.0,0,0.0,1799.97
3,Ori_Recording_03.wav,4,240.0,300.0,0,0.0,1799.97
3,Ori_Recording_03.wav,5,300.0,360.0,0,0.0,1799.97
3,Ori_Recording_03.wav,6,360.0,420.0,0,0.0,1799.97
3,Ori_Recording_03.wav,7,420.0,480.0,0,0.0,1799.97
3,Ori_Recording_03.wav,8,480.0,540.0,0,0.0,1799.97
3,Ori_Recording_03.wav,9,540.0,600.0,0,0.0,1799.97
3,Ori_Recording_03.wav,10,600.0,660.0,0,0.0,1799.97
3,Ori_Recording_03.wav,11,660.0,720.0,0,0.0,1799.97
3,Ori_Recording_03.wav,12,720.0,780.0,0,0.0,1799.97
3,Ori_Recording_03.wav,13,780.0,840.0,0,0.0,1799.97
3,Ori_Recording_03.wav,14,840.0,900.0,1,3.1709,1799.97
3,Ori_Recording_03.wav,15,900.0,960.0,1,1.8798,1799.97
3,Ori_Recording_03.wav,16,960.0,1020.0,1,1.5804,1799.97
3,Ori_Recording_03.wav,17,1020.0,1080.0,1,0.4888,1799.97
3,Ori_Recording_03.wav,18,1080.0,1140.0,0,0.0,1799.97
3,Ori_Recording_03.wav,19,1140.0,1200.0,0,0.0,1799.97
3,Ori_Recording_03.wav,20,1200.0,1260.0,1,2.0266,1799.97
3,Ori_Recording_03.wav,21,1260.0,1320.0,0,0.0,1799.97
3,Ori_Recording_03.wav,22,1320.0,1380.0,0,0.0,1799.97
3,Ori_Recording_03.wav,23,1380.0,1440.0,0,0.0,1799.97
3,Ori_Recording_03.wav,24,1440.0,1500.0,0,0.0,1799.97
3,Ori_Recording_03.wav,25,1500.0,1560.0,0,0.0,1799.97
3,Ori_Recording_03.wav,26,1560.0,1620.0,0,0.0,1799.97
3,Ori_Recording_03.wav,27,1620.0,1680.0,0,0.0,1799.97
3,Ori_Recording_03.wav,28,1680.0,1740.0,0,0.0,1799.97
4,Ori_Recording_04.wav,0,0.0,60.0,0,0.0,1799.93
4,Ori_Recording_04.wav,1,60.0,120.0,1,3.4485,1799.93
4,Ori_Recording_04.wav,2,120.0,180.0,0,0.0,1799.93
4,Ori_Recording_04.wav,3,180.0,240.0,0,0.0,1799.93
4,Ori_Recording_04.wav,4,240.0,300.0,0,0.0,1799.93
4,Ori_Recording_04.wav,5,300.0,360.0,0,0.0,1799.93
4,Ori_Recording_04.wav,6,360.0,420.0,0,0.0,1799.93
4,Ori_Recording_04.wav,7,420.0,480.0,0,0.0,1799.93
4,Ori_Recording_04.wav,8,480.0,540.0,0,0.0,1799.93
4,Ori_Recording_04.wav,9,540.0,600.0,0,0.0,1799.93
4,Ori_Recording_04.wav,10,600.0,660.0,0,0.0,1799.93
4,Ori_Recording_04.wav,11,660.0,720.0,0,0.0,1799.93
4,Ori_Recording_04.wav,12,720.0,780.0,0,0.0,1799.93
4,Ori_Recording_04.wav,13,780.0,840.0,1,0.228,1799.93
4,Ori_Recording_04.wav,14,840.0,900.0,0,0.0,1799.93
4,Ori_Recording_04.wav,15,900.0,960.0,0,0.0,1799.93
4,Ori_Recording_04.wav,16,960.0,1020.0,0,0.0,1799.93
4,Ori_Recording_04.wav,17,1020.0,1080.0,0,0.0,1799.93
4,Ori_Recording_04.wav,18,1080.0,1140.0,0,0.0,1799.93
4,Ori_Recording_04.wav,19,1140.0,1200.0,0,0.0,1799.93
4,Ori_Recording_04.wav,20,1200.0,1260.0,0,0.0,1799.93
4,Ori_Recording_04.wav,21,1260.0,1320.0,0,0.0,1799.93
4,Ori_Recording_04.wav,22,1320.0,1380.0,0,0.0,1799.93
4,Ori_Recording_04.wav,23,1380.0,1440.0,0,0.0,1799.93
4,Ori_Recording_04.wav,24,1440.0,1500.0,0,0.0,1799.93
4,Ori_Recording_04.wav,25,1500.0,1560.0,1,2.0303,1799.93
4,Ori_Recording_04.wav,26,1560.0,1620.0,1,0.072,1799.93
4,Ori_Recording_04.wav,27,1620.0,1680.0,1,2.8718,1799.93
4,Ori_Recording_04.wav,28,1680.0,1740.0,1,1.1535,1799.93
5,Ori_Recording_05.wav,0,0.0,60.0,0,0.0,1799.95
5,Ori_Recording_05.wav,1,60.0,120.0,0,0.0,1799.95
5,Ori_Recording_05.wav,2,120.0,180.0,1,0.4521,1799.95
5,Ori_Recording_05.wav,3,180.0,240.0,1,1.0371,1799.95
5,Ori_Recording_05.wav,4,240.0,300.0,0,0.0,1799.95
5,Ori_Recording_05.wav,5,300.0,360.0,1,0.3421,1799.95
5,Ori_Recording_05.wav,6,360.0,420.0,0,0.0,1799.95
5,Ori_Recording_05.wav,7,420.0,480.0,0,0.0,1799.95
5,Ori_Recording_05.wav,8,480.0,540.0,0,0.0,1799.95
5,Ori_Recording_05.wav,9,540.0,600.0,0,0.0,1799.95
5,Ori_Recording_05.wav,10,600.0,660.0,0,0.0,1799.95
5,Ori_Recording_05.wav,11,660.0,720.0,1,1.1599,1799.95
5,Ori_Recording_05.wav,12,720.0,780.0,1,0.8662,1799.95
5,Ori_Recording_05.wav,13,780.0,840.0,1,1.2888,1799.95
5,Ori_Recording_05.wav,14,840.0,900.0,0,0.0,1799.95
5,Ori_Recording_05.wav,15,900.0,960.0,0,0.0,1799.95
5,Ori_Recording_05.wav,16,960.0,1020.0,0,0.0,1799.95
5,Ori_Recording_05.wav,17,1020.0,1080.0,0,0.0,1799.95
5,Ori_Recording_05.wav,18,1080.0,1140.0,1,3.6265,1799.95
5,Ori_Recording_05.wav,19,1140.0,1200.0,0,0.0,1799.95
5,Ori_Recording_05.wav,20,1200.0,1260.0,0,0.0,1799.95
5,Ori_Recording_05.wav,21,1260.0,1320.0,1,0.0495,1799.95
5,Ori_Recording_05.wav,22,1320.0,1380.0,1,0.0803,1799.95
5,Ori_Recording_05.wav,23,1380.0,1440.0,0,0.0,1799.95
5,Ori_Recording_05.wav,24,1440.0,1500.0,0,0.0,1799.95
5,Ori_Recording_05.wav,25,1500.0,1560.0,0,0.0,1799.95
5,Ori_Recording_05.wav,26,1560.0,1620.0,0,0.0,1799.95
5,Ori_Recording_05.wav,27,1620.0,1680.0,0,0.0,1799.95
5,Ori_Recording_05.wav,28,1680.0,1740.0,1,1.4909,1799.95
6,Ori_Recording_06.wav,0,0.0,60.0,0,0.0,1799.86
6,Ori_Recording_06.wav,1,60.0,120.0,0,0.0,1799.86
6,Ori_Recording_06.wav,2,120.0,180.0,0,0.0,1799.86
6,Ori_Recording_06.wav,3,180.0,240.0,0,0.0,1799.86
6,Ori_Recording_06.wav,4,240.0,300.0,0,0.0,1799.86
6,Ori_Recording_06.wav,5,300.0,360.0,0,0.0,1799.86
6,Ori_Recording_06.wav,6,360.0,420.0,0,0.0,1799.86
6,Ori_Recording_06.wav,7,420.0,480.0,0,0.0,1799.86
6,Ori_Recording_06.wav,8,480.0,540.0,0,0.0,1799.86
6,Ori_Recording_06.wav,9,540.0,600.0,0,0.0,1799.86
6,Ori_Recording_06.wav,10,600.0,660.0,0,0.0,1799.86
6,Ori_Recording_06.wav,11,660.0,720.0,0,0.0,1799.86
6,Ori_Recording_06.wav,12,720.0,780.0,0,0.0,1799.86
6,Ori_Recording_06.wav,13,780.0,840.0,0,0.0,1799.86
6,Ori_Recording_06.wav,14,840.0,900.0,1,7.3539,1799.86
6,Ori_Recording_06.wav,15,900.0,960.0,1,9.5621,1799.86
6,Ori_Recording_06.wav,16,960.0,1020.0,1,0.5537,1799.86
6,Ori_Recording_06.wav,17,1020.0,1080.0,1,10.3996,1799.86
6,Ori_Recording_06.wav,18,1080.0,1140.0,1,4.2107,1799.86
6,Ori_Recording_06.wav,19,1140.0,1200.0,1,4.7244,1799.86
6,Ori_Recording_06.wav,20,1200.0,1260.0,1,2.7049,1799.86
6,Ori_Recording_06.wav,21,1260.0,1320.0,1,8.0135,1799.86
6,Ori_Recording_06.wav,22,1320.0,1380.0,1,7.1829,1799.86
6,Ori_Recording_06.wav,23,1380.0,1440.0,1,3.9474,1799.86
6,Ori_Recording_06.wav,24,1440.0,1500.0,1,7.7156,1799.86
6,Ori_Recording_06.wav,25,1500.0,1560.0,1,9.0687,1799.86
6,Ori_Recording_06.wav,26,1560.0,1620.0,1,1.1559,1799.86
6,Ori_Recording_06.wav,27,1620.0,1680.0,1,0.1345,1799.86
6,Ori_Recording_06.wav,28,1680.0,1740.0,1,0.1422,1799.86
7,Ori_Recording_07.wav,0,0.0,60.0,1,3.91,1799.94
7,Ori_Recording_07.wav,1,60.0,120.0,1,4.8757,1799.94
7,Ori_Recording_07.wav,2,120.0,180.0,1,2.5143,1799.94
7,Ori_Recording_07.wav,3,180.0,240.0,0,0.0,1799.94
7,Ori_Recording_07.wav,4,240.0,300.0,0,0.0,1799.94
7,Ori_Recording_07.wav,5,300.0,360.0,0,0.0,1799.94
7,Ori_Recording_07.wav,6,360.0,420.0,0,0.0,1799.94
7,Ori_Recording_07.wav,7,420.0,480.0,0,0.0,1799.94
7,Ori_Recording_07.wav,8,480.0,540.0,0,0.0,1799.94
7,Ori_Recording_07.wav,9,540.0,600.0,0,0.0,1799.94
7,Ori_Recording_07.wav,10,600.0,660.0,0,0.0,1799.94
7,Ori_Recording_07.wav,11,660.0,720.0,0,0.0,1799.94
7,Ori_Recording_07.wav,12,720.0,780.0,0,0.0,1799.94
7,Ori_Recording_07.wav,13,780.0,840.0,0,0.0,1799.94
7,Ori_Recording_07.wav,14,840.0,900.0,0,0.0,1799.94
7,Ori_Recording_07.wav,15,900.0,960.0,0,0.0,1799.94
7,Ori_Recording_07.wav,16,960.0,1020.0,0,0.0,1799.94
7,Ori_Recording_07.wav,17,1020.0,1080.0,0,0.0,1799.94
7,Ori_Recording_07.wav,18,1080.0,1140.0,1,1.7737,1799.94
7,Ori_Recording_07.wav,19,1140.0,1200.0,1,3.9302,1799.94
7,Ori_Recording_07.wav,20,1200.0,1260.0,0,0.0,1799.94
7,Ori_Recording_07.wav,21,1260.0,1320.0,0,0.0,1799.94
7,Ori_Recording_07.wav,22,1320.0,1380.0,0,0.0,1799.94
7,Ori_Recording_07.wav,23,1380.0,1440.0,0,0.0,1799.94
7,Ori_Recording_07.wav,24,1440.0,1500.0,0,0.0,1799.94
7,Ori_Recording_07.wav,25,1500.0,1560.0,1,1.4685,1799.94
7,Ori_Recording_07.wav,26,1560.0,1620.0,0,0.0,1799.94
7,Ori_Recording_07.wav,27,1620.0,1680.0,0,0.0,1799.94
7,Ori_Recording_07.wav,28,1680.0,1740.0,0,0.0,1799.94
8,Ori_Recording_08.wav,0,0.0,60.0,0,0.0,1799.95
8,Ori_Recording_08.wav,1,60.0,120.0,0,0.0,1799.95
8,Ori_Recording_08.wav,2,120.0,180.0,0,0.0,1799.95
8,Ori_Recording_08.wav,3,180.0,240.0,0,0.0,1799.95
8,Ori_Recording_08.wav,4,240.0,300.0,0,0.0,1799.95
8,Ori_Recording_08.wav,5,300.0,360.0,0,0.0,1799.95
8,Ori_Recording_08.wav,6,360.0,420.0,0,0.0,1799.95
8,Ori_Recording_08.wav,7,420.0,480.0,0,0.0,1799.95
8,Ori_Recording_08.wav,8,480.0,540.0,0,0.0,1799.95
8,Ori_Recording_08.wav,9,540.0,600.0,0,0.0,1799.95
8,Ori_Recording_08.wav,10,600.0,660.0,0,0.0,1799.95
8,Ori_Recording_08.wav,11,660.0,720.0,0,0.0,1799.95
8,Ori_Recording_08.wav,12,720.0,780.0,0,0.0,1799.95
8,Ori_Recording_08.wav,13,780.0,840.0,0,0.0,1799.95
8,Ori_Recording_08.wav,14,840.0,900.0,1,6.7981,1799.95
8,Ori_Recording_08.wav,15,900.0,960.0,1,4.7652,1799.95
8,Ori_Recording_08.wav,16,960.0,1020.0,0,0.0,1799.95
8,Ori_Recording_08.wav,17,1020.0,1080.0,1,0.8655,1799.95
8,Ori_Recording_08.wav,18,1080.0,1140.0,1,8.175,1799.95
8,Ori_Recording_08.wav,19,1140.0,1200.0,1,2.0391,1799.95
8,Ori_Recording_08.wav,20,1200.0,1260.0,0,0.0,1799.95
8,Ori_Recording_08.wav,21,1260.0,1320.0,1,0.338,1799.95
8,Ori_Recording_08.wav,22,1320.0,1380.0,1,12.4647,1799.95
8,Ori_Recording_08.wav,23,1380.0,1440.0,1,12.292,1799.95
8,Ori_Recording_08.wav,24,1440.0,1500.0,1,8.0887,1799.95
8,Ori_Recording_08.wav,25,1500.0,1560.0,0,0.0,1799.95
8,Ori_Recording_08.wav,26,1560.0,1620.0,1,4.9654,1799.95
8,Ori_Recording_08.wav,27,1620.0,1680.0,1,5.6602,1799.95
8,Ori_Recording_08.wav,28,1680.0,1740.0,1,1.6053,1799.95
9,Ori_Recording_09.wav,0,0.0,60.0,1,0.508,1799.28
9,Ori_Recording_09.wav,1,60.0,120.0,0,0.0,1799.28
9,Ori_Recording_09.wav,2,120.0,180.0,0,0.0,1799.28
9,Ori_Recording_09.wav,3,180.0,240.0,0,0.0,1799.28
9,Ori_Recording_09.wav,4,240.0,300.0,1,0.532,1799.28
9,Ori_Recording_09.wav,5,300.0,360.0,0,0.0,1799.28
9,Ori_Recording_09.wav,6,360.0,420.0,0,0.0,1799.28
9,Ori_Recording_09.wav,7,420.0,480.0,0,0.0,1799.28
9,Ori_Recording_09.wav,8,480.0,540.0,0,0.0,1799.28
9,Ori_Recording_09.wav,9,540.0,600.0,1,1.0109,1799.28
9,Ori_Recording_09.wav,10,600.0,660.0,1,2.0374,1799.28
9,Ori_Recording_09.wav,11,660.0,720.0,1,0.5779,1799.28
9,Ori_Recording_09.wav,12,720.0,780.0,1,0.3879,1799.28
9,Ori_Recording_09.wav,13,780.0,840.0,0,0.0,1799.28
9,Ori_Recording_09.wav,14,840.0,900.0,0,0.0,1799.28
9,Ori_Recording_09.wav,15,900.0,960.0,1,4.6258,1799.28
9,Ori_Recording_09.wav,16,960.0,1020.0,1,0.7254,1799.28
9,Ori_Recording_09.wav,17,1020.0,1080.0,1,1.9363,1799.28
9,Ori_Recording_09.wav,18,1080.0,1140.0,1,0.6711,1799.28
9,Ori_Recording_09.wav,19,1140.0,1200.0,0,0.0,1799.28
9,Ori_Recording_09.wav,20,1200.0,1260.0,1,1.5165,1799.28
9,Ori_Recording_09.wav,21,1260.0,1320.0,1,2.5189,1799.28
9,Ori_Recording_09.wav,22,1320.0,1380.0,1,1.2834,1799.28
9,Ori_Recording_09.wav,23,1380.0,1440.0,1,2.0165,1799.28
9,Ori_Recording_09.wav,24,1440.0,1500.0,1,3.7348,1799.28
9,Ori_Recording_09.wav,25,1500.0,1560.0,1,1.0967,1799.28
9,Ori_Recording_09.wav,26,1560.0,1620.0,1,1.2847,1799.28
9,Ori_Recording_09.wav,27,1620.0,1680.0,1,2.4475,1799.28
9,Ori_Recording_09.wav,28,1680.0,1740.0,1,0.605,1799.28
10,Ori_Recording_10.wav,0,0.0,60.0,0,0.0,1748.68
10,Ori_Recording_10.wav,1,60.0,120.0,1,12.7166,1748.68
10,Ori_Recording_10.wav,2,120.0,180.0,1,0.6118,1748.68
10,Ori_Recording_10.wav,3,180.0,240.0,1,5.4569,1748.68
10,Ori_Recording_10.wav,4,240.0,300.0,1,7.0936,1748.68
10,Ori_Recording_10.wav,5,300.0,360.0,1,11.5729,1748.68
10,Ori_Recording_10.wav,6,360.0,420.0,1,2.8375,1748.68
10,Ori_Recording_10.wav,7,420.0,480.0,1,4.2389,1748.68
10,Ori_Recording_10.wav,8,480.0,540.0,1,4.9732,1748.68
10,Ori_Recording_10.wav,9,540.0,600.0,1,0.4755,1748.68
10,Ori_Recording_10.wav,10,600.0,660.0,1,3.1213,1748.68
10,Ori_Recording_10.wav,11,660.0,720.0,1,13.5247,1748.68
10,Ori_Recording_10.wav,12,720.0,780.0,1,16.3765,1748.68
10,Ori_Recording_10.wav,13,780.0,840.0,1,11.3211,1748.68
10,Ori_Recording_10.wav,14,840.0,900.0,1,21.8623,1748.68
10,Ori_Recording_10.wav,15,900.0,960.0,1,2.3799,1748.68
10,Ori_Recording_10.wav,16,960.0,1020.0,1,15.5643,1748.68
10,Ori_Recording_10.wav,17,1020.0,1080.0,0,0.0,1748.68
10,Ori_Recording_10.wav,18,1080.0,1140.0,1,1.1784,1748.68
10,Ori_Recording_10.wav,19,1140.0,1200.0,0,0.0,1748.68
10,Ori_Recording_10.wav,20,1200.0,1260.0,1,0.477,1748.68
10,Ori_Recording_10.wav,21,1260.0,1320.0,1,2.0448,1748.68
10,Ori_Recording_10.wav,22,1320.0,1380.0,0,0.0,1748.68
10,Ori_Recording_10.wav,23,1380.0,1440.0,0,0.0,1748.68
10,Ori_Recording_10.wav,24,1440.0,1500.0,0,0.0,1748.68
10,Ori_Recording_10.wav,25,1500.0,1560.0,0,0.0,1748.68
10,Ori_Recording_10.wav,26,1560.0,1620.0,0,0.0,1748.68
10,Ori_Recording_10.wav,27,1620.0,1680.0,0,0.0,1748.68
10,Ori_Recording_10.wav,28,1680.0,1740.0,0,0.0,1748.68
11,Ori_Recording_11.wav,0,0.0,60.0,0,0.0,769.32
11,Ori_Recording_11.wav,1,60.0,120.0,0,0.0,769.32
11,Ori_Recording_11.wav,2,120.0,180.0,1,0.6306,769.32
11,Ori_Recording_11.wav,3,180.0,240.0,0,0.0,769.32
11,Ori_Recording_11.wav,4,240.0,300.0,0,0.0,769.32
11,Ori_Recording_11.wav,5,300.0,360.0,1,6.2685,769.32
11,Ori_Recording_11.wav,6,360.0,420.0,0,0.0,769.32
11,Ori_Recording_11.wav,7,420.0,480.0,0,0.0,769.32
11,Ori_Recording_11.wav,8,480.0,540.0,0,0.0,769.32
11,Ori_Recording_11.wav,9,540.0,600.0,1,9.1765,769.32
11,Ori_Recording_11.wav,10,600.0,660.0,1,8.0949,769.32
11,Ori_Recording_11.wav,11,660.0,720.0,0,0.0,769.32
13,Ori_Recording_13.wav,0,0.0,60.0,1,1.3126,1798.44
13,Ori_Recording_13.wav,1,60.0,120.0,1,0.067,1798.44
13,Ori_Recording_13.wav,2,120.0,180.0,1,2.8478,1798.44
13,Ori_Recording_13.wav,3,180.0,240.0,1,1.6062,1798.44
13,Ori_Recording_13.wav,4,240.0,300.0,1,4.2593,1798.44
13,Ori_Recording_13.wav,5,300.0,360.0,0,0.0,1798.44
13,Ori_Recording_13.wav,6,360.0,420.0,1,0.9445,1798.44
13,Ori_Recording_13.wav,7,420.0,480.0,1,3.7889,1798.44
13,Ori_Recording_13.wav,8,480.0,540.0,1,1.2687,1798.44
13,Ori_Recording_13.wav,9,540.0,600.0,0,0.0,1798.44
13,Ori_Recording_13.wav,10,600.0,660.0,0,0.0,1798.44
13,Ori_Recording_13.wav,11,660.0,720.0,0,0.0,1798.44
13,Ori_Recording_13.wav,12,720.0,780.0,0,0.0,1798.44
13,Ori_Recording_13.wav,13,780.0,840.0,0,0.0,1798.44
13,Ori_Recording_13.wav,14,840.0,900.0,0,0.0,1798.44
13,Ori_Recording_13.wav,15,900.0,960.0,0,0.0,1798.44
13,Ori_Recording_13.wav,16,960.0,1020.0,0,0.0,1798.44
13,Ori_Recording_13.wav,17,1020.0,1080.0,0,0.0,1798.44
13,Ori_Recording_13.wav,18,1080.0,1140.0,0,0.0,1798.44
13,Ori_Recording_13.wav,19,1140.0,1200.0,0,0.0,1798.44
13,Ori_Recording_13.wav,20,1200.0,1260.0,0,0.0,1798.44
13,Ori_Recording_13.wav,21,1260.0,1320.0,0,0.0,1798.44
13,Ori_Recording_13.wav,22,1320.0,1380.0,0,0.0,1798.44
13,Ori_Recording_13.wav,23,1380.0,1440.0,0,0.0,1798.44
13,Ori_Recording_13.wav,24,1440.0,1500.0,0,0.0,1798.44
13,Ori_Recording_13.wav,25,1500.0,1560.0,0,0.0,1798.44
13,Ori_Recording_13.wav,26,1560.0,1620.0,0,0.0,1798.44
13,Ori_Recording_13.wav,27,1620.0,1680.0,0,0.0,1798.44
13,Ori_Recording_13.wav,28,1680.0,1740.0,0,0.0,1798.44
14,Ori_Recording_14.wav,0,0.0,60.0,0,0.0,1798.51
14,Ori_Recording_14.wav,1,60.0,120.0,0,0.0,1798.51
14,Ori_Recording_14.wav,2,120.0,180.0,1,0.7114,1798.51
14,Ori_Recording_14.wav,3,180.0,240.0,1,4.4589,1798.51
14,Ori_Recording_14.wav,4,240.0,300.0,1,5.2671,1798.51
14,Ori_Recording_14.wav,5,300.0,360.0,1,3.4673,1798.51
14,Ori_Recording_14.wav,6,360.0,420.0,1,8.7682,1798.51
14,Ori_Recording_14.wav,7,420.0,480.0,1,1.6907,1798.51
14,Ori_Recording_14.wav,8,480.0,540.0,0,0.0,1798.51
14,Ori_Recording_14.wav,9,540.0,600.0,1,3.1523,1798.51
14,Ori_Recording_14.wav,10,600.0,660.0,1,18.2177,1798.51
14,Ori_Recording_14.wav,11,660.0,720.0,1,9.9174,1798.51
14,Ori_Recording_14.wav,12,720.0,780.0,1,0.6877,1798.51
14,Ori_Recording_14.wav,13,780.0,840.0,0,0.0,1798.51
14,Ori_Recording_14.wav,14,840.0,900.0,0,0.0,1798.51
14,Ori_Recording_14.wav,15,900.0,960.0,0,0.0,1798.51
14,Ori_Recording_14.wav,16,960.0,1020.0,0,0.0,1798.51
14,Ori_Recording_14.wav,17,1020.0,1080.0,0,0.0,1798.51
14,Ori_Recording_14.wav,18,1080.0,1140.0,0,0.0,1798.51
14,Ori_Recording_14.wav,19,1140.0,1200.0,0,0.0,1798.51
14,Ori_Recording_14.wav,20,1200.0,1260.0,0,0.0,1798.51
14,Ori_Recording_14.wav,21,1260.0,1320.0,0,0.0,1798.51
14,Ori_Recording_14.wav,22,1320.0,1380.0,0,0.0,1798.51
14,Ori_Recording_14.wav,23,1380.0,1440.0,0,0.0,1798.51
14,Ori_Recording_14.wav,24,1440.0,1500.0,1,2.6305,1798.51
14,Ori_Recording_14.wav,25,1500.0,1560.0,1,21.7944,1798.51
14,Ori_Recording_14.wav,26,1560.0,1620.0,1,6.0934,1798.51
14,Ori_Recording_14.wav,27,1620.0,1680.0,0,0.0,1798.51
14,Ori_Recording_14.wav,28,1680.0,1740.0,0,0.0,1798.51
15,Ori_Recording_15.wav,0,0.0,60.0,0,0.0,1044.33
15,Ori_Recording_15.wav,1,60.0,120.0,0,0.0,1044.33
15,Ori_Recording_15.wav,2,120.0,180.0,1,3.0163,1044.33
15,Ori_Recording_15.wav,3,180.0,240.0,0,0.0,1044.33
15,Ori_Recording_15.wav,4,240.0,300.0,0,0.0,1044.33
15,Ori_Recording_15.wav,5,300.0,360.0,0,0.0,1044.33
15,Ori_Recording_15.wav,6,360.0,420.0,0,0.0,1044.33
15,Ori_Recording_15.wav,7,420.0,480.0,0,0.0,1044.33
15,Ori_Recording_15.wav,8,480.0,540.0,0,0.0,1044.33
15,Ori_Recording_15.wav,9,540.0,600.0,0,0.0,1044.33
15,Ori_Recording_15.wav,10,600.0,660.0,0,0.0,1044.33
15,Ori_Recording_15.wav,11,660.0,720.0,0,0.0,1044.33
15,Ori_Recording_15.wav,12,720.0,780.0,0,0.0,1044.33
15,Ori_Recording_15.wav,13,780.0,840.0,0,0.0,1044.33
15,Ori_Recording_15.wav,14,840.0,900.0,0,0.0,1044.33
15,Ori_Recording_15.wav,15,900.0,960.0,1,2.855,1044.33
15,Ori_Recording_15.wav,16,960.0,1020.0,1,3.385,1044.33
16,Ori_Recording_16.wav,0,0.0,60.0,0,0.0,1799.54
16,Ori_Recording_16.wav,1,60.0,120.0,0,0.0,1799.54
16,Ori_Recording_16.wav,2,120.0,180.0,0,0.0,1799.54
16,Ori_Recording_16.wav,3,180.0,240.0,0,0.0,1799.54
16,Ori_Recording_16.wav,4,240.0,300.0,0,0.0,1799.54
16,Ori_Recording_16.wav,5,300.0,360.0,0,0.0,1799.54
16,Ori_Recording_16.wav,6,360.0,420.0,0,0.0,1799.54
16,Ori_Recording_16.wav,7,420.0,480.0,0,0.0,1799.54
16,Ori_Recording_16.wav,8,480.0,540.0,0,0.0,1799.54
16,Ori_Recording_16.wav,9,540.0,600.0,1,0.256,1799.54
16,Ori_Recording_16.wav,10,600.0,660.0,0,0.0,1799.54
16,Ori_Recording_16.wav,11,660.0,720.0,0,0.0,1799.54
16,Ori_Recording_16.wav,12,720.0,780.0,0,0.0,1799.54
16,Ori_Recording_16.wav,13,780.0,840.0,0,0.0,1799.54
16,Ori_Recording_16.wav,14,840.0,900.0,0,0.0,1799.54
16,Ori_Recording_16.wav,15,900.0,960.0,0,0.0,1799.54
16,Ori_Recording_16.wav,16,960.0,1020.0,0,0.0,1799.54
16,Ori_Recording_16.wav,17,1020.0,1080.0,0,0.0,1799.54
16,Ori_Recording_16.wav,18,1080.0,1140.0,0,0.0,1799.54
16,Ori_Recording_16.wav,19,1140.0,1200.0,1,0.7347,1799.54
16,Ori_Recording_16.wav,20,1200.0,1260.0,0,0.0,1799.54
16,Ori_Recording_16.wav,21,1260.0,1320.0,0,0.0,1799.54
16,Ori_Recording_16.wav,22,1320.0,1380.0,1,4.8166,1799.54
16,Ori_Recording_16.wav,23,1380.0,1440.0,1,9.4709,1799.54
16,Ori_Recording_16.wav,24,1440.0,1500.0,1,5.1587,1799.54
16,Ori_Recording_16.wav,25,1500.0,1560.0,1,2.2021,1799.54
16,Ori_Recording_16.wav,26,1560.0,1620.0,1,0.1891,1799.54
16,Ori_Recording_16.wav,27,1620.0,1680.0,0,0.0,1799.54
16,Ori_Recording_16.wav,28,1680.0,1740.0,0,0.0,1799.54
17,Ori_Recording_17.wav,0,0.0,60.0,1,3.2927,1799.96
17,Ori_Recording_17.wav,1,60.0,120.0,1,0.8689,1799.96
17,Ori_Recording_17.wav,2,120.0,180.0,0,0.0,1799.96
17,Ori_Recording_17.wav,3,180.0,240.0,1,2.3305,1799.96
17,Ori_Recording_17.wav,4,240.0,300.0,0,0.0,1799.96
17,Ori_Recording_17.wav,5,300.0,360.0,0,0.0,1799.96
17,Ori_Recording_17.wav,6,360.0,420.0,0,0.0,1799.96
17,Ori_Recording_17.wav,7,420.0,480.0,1,3.1048,1799.96
17,Ori_Recording_17.wav,8,480.0,540.0,1,2.8125,1799.96
17,Ori_Recording_17.wav,9,540.0,600.0,1,3.2326,1799.96
17,Ori_Recording_17.wav,10,600.0,660.0,1,1.2355,1799.96
17,Ori_Recording_17.wav,11,660.0,720.0,1,2.5215,1799.96
17,Ori_Recording_17.wav,12,720.0,780.0,0,0.0,1799.96
17,Ori_Recording_17.wav,13,780.0,840.0,1,0.3465,1799.96
17,Ori_Recording_17.wav,14,840.0,900.0,0,0.0,1799.96
17,Ori_Recording_17.wav,15,900.0,960.0,0,0.0,1799.96
17,Ori_Recording_17.wav,16,960.0,1020.0,0,0.0,1799.96
17,Ori_Recording_17.wav,17,1020.0,1080.0,0,0.0,1799.96
17,Ori_Recording_17.wav,18,1080.0,1140.0,0,0.0,1799.96
17,Ori_Recording_17.wav,19,1140.0,1200.0,1,4.2245,1799.96
17,Ori_Recording_17.wav,20,1200.0,1260.0,1,1.5707,1799.96
17,Ori_Recording_17.wav,21,1260.0,1320.0,1,0.5551,1799.96
17,Ori_Recording_17.wav,22,1320.0,1380.0,0,0.0,1799.96
17,Ori_Recording_17.wav,23,1380.0,1440.0,0,0.0,1799.96
17,Ori_Recording_17.wav,24,1440.0,1500.0,0,0.0,1799.96
17,Ori_Recording_17.wav,25,1500.0,1560.0,0,0.0,1799.96
17,Ori_Recording_17.wav,26,1560.0,1620.0,1,6.3779,1799.96
17,Ori_Recording_17.wav,27,1620.0,1680.0,1,0.4472,1799.96
17,Ori_Recording_17.wav,28,1680.0,1740.0,0,0.0,1799.96
18,Ori_Recording_18.wav,0,0.0,60.0,0,0.0,1797.97
18,Ori_Recording_18.wav,1,60.0,120.0,1,2.2757,1797.97
18,Ori_Recording_18.wav,2,120.0,180.0,0,0.0,1797.97
18,Ori_Recording_18.wav,3,180.0,240.0,0,0.0,1797.97
18,Ori_Recording_18.wav,4,240.0,300.0,1,0.9494,1797.97
18,Ori_Recording_18.wav,5,300.0,360.0,1,0.6308,1797.97
18,Ori_Recording_18.wav,6,360.0,420.0,1,1.1369,1797.97
18,Ori_Recording_18.wav,7,420.0,480.0,0,0.0,1797.97
18,Ori_Recording_18.wav,8,480.0,540.0,0,0.0,1797.97
18,Ori_Recording_18.wav,9,540.0,600.0,0,0.0,1797.97
18,Ori_Recording_18.wav,10,600.0,660.0,0,0.0,1797.97
18,Ori_Recording_18.wav,11,660.0,720.0,0,0.0,1797.97
18,Ori_Recording_18.wav,12,720.0,780.0,0,0.0,1797.97
18,Ori_Recording_18.wav,13,780.0,840.0,0,0.0,1797.97
18,Ori_Recording_18.wav,14,840.0,900.0,0,0.0,1797.97
18,Ori_Recording_18.wav,15,900.0,960.0,0,0.0,1797.97
18,Ori_Recording_18.wav,16,960.0,1020.0,0,0.0,1797.97
18,Ori_Recording_18.wav,17,1020.0,1080.0,0,0.0,1797.97
18,Ori_Recording_18.wav,18,1080.0,1140.0,0,0.0,1797.97
18,Ori_Recording_18.wav,19,1140.0,1200.0,0,0.0,1797.97
18,Ori_Recording_18.wav,20,1200.0,1260.0,0,0.0,1797.97
18,Ori_Recording_18.wav,21,1260.0,1320.0,0,0.0,1797.97
18,Ori_Recording_18.wav,22,1320.0,1380.0,0,0.0,1797.97
18,Ori_Recording_18.wav,23,1380.0,1440.0,0,0.0,1797.97
18,Ori_Recording_18.wav,24,1440.0,1500.0,0,0.0,1797.97
18,Ori_Recording_18.wav,25,1500.0,1560.0,0,0.0,1797.97
18,Ori_Recording_18.wav,26,1560.0,1620.0,0,0.0,1797.97
18,Ori_Recording_18.wav,27,1620.0,1680.0,0,0.0,1797.97
18,Ori_Recording_18.wav,28,1680.0,1740.0,0,0.0,1797.97
19,Ori_Recording_19.wav,0,0.0,60.0,1,1.0101,1797.97
19,Ori_Recording_19.wav,1,60.0,120.0,1,4.1335,1797.97
19,Ori_Recording_19.wav,2,120.0,180.0,0,0.0,1797.97
19,Ori_Recording_19.wav,3,180.0,240.0,0,0.0,1797.97
19,Ori_Recording_19.wav,4,240.0,300.0,0,0.0,1797.97
19,Ori_Recording_19.wav,5,300.0,360.0,0,0.0,1797.97
19,Ori_Recording_19.wav,6,360.0,420.0,0,0.0,1797.97
19,Ori_Recording_19.wav,7,420.0,480.0,1,0.0654,1797.97
19,Ori_Recording_19.wav,8,480.0,540.0,1,0.2985,1797.97
19,Ori_Recording_19.wav,9,540.0,600.0,0,0.0,1797.97
19,Ori_Recording_19.wav,10,600.0,660.0,1,0.9437,1797.97
19,Ori_Recording_19.wav,11,660.0,720.0,0,0.0,1797.97
19,Ori_Recording_19.wav,12,720.0,780.0,0,0.0,1797.97
19,Ori_Recording_19.wav,13,780.0,840.0,0,0.0,1797.97
19,Ori_Recording_19.wav,14,840.0,900.0,0,0.0,1797.97
19,Ori_Recording_19.wav,15,900.0,960.0,0,0.0,1797.97
19,Ori_Recording_19.wav,16,960.0,1020.0,0,0.0,1797.97
19,Ori_Recording_19.wav,17,1020.0,1080.0,0,0.0,1797.97
19,Ori_Recording_19.wav,18,1080.0,1140.0,0,0.0,1797.97
19,Ori_Recording_19.wav,19,1140.0,1200.0,0,0.0,1797.97
19,Ori_Recording_19.wav,20,1200.0,1260.0,1,0.0636,1797.97
19,Ori_Recording_19.wav,21,1260.0,1320.0,1,1.5245,1797.97
19,Ori_Recording_19.wav,22,1320.0,1380.0,1,1.7249,1797.97
19,Ori_Recording_19.wav,23,1380.0,1440.0,0,0.0,1797.97
19,Ori_Recording_19.wav,24,1440.0,1500.0,0,0.0,1797.97
19,Ori_Recording_19.wav,25,1500.0,1560.0,0,0.0,1797.97
19,Ori_Recording_19.wav,26,1560.0,1620.0,0,0.0,1797.97
19,Ori_Recording_19.wav,27,1620.0,1680.0,0,0.0,1797.97
19,Ori_Recording_19.wav,28,1680.0,1740.0,0,0.0,1797.97
20,Ori_Recording_20.wav,0,0.0,60.0,0,0.0,1799.36
20,Ori_Recording_20.wav,1,60.0,120.0,0,0.0,1799.36
20,Ori_Recording_20.wav,2,120.0,180.0,1,1.6064,1799.36
20,Ori_Recording_20.wav,3,180.0,240.0,1,3.9,1799.36
20,Ori_Recording_20.wav,4,240.0,300.0,0,0.0,1799.36
20,Ori_Recording_20.wav,5,300.0,360.0,0,0.0,1799.36
20,Ori_Recording_20.wav,6,360.0,420.0,0,0.0,1799.36
20,Ori_Recording_20.wav,7,420.0,480.0,0,0.0,1799.36
20,Ori_Recording_20.wav,8,480.0,540.0,0,0.0,1799.36
20,Ori_Recording_20.wav,9,540.0,600.0,1,1.3984,1799.36
20,Ori_Recording_20.wav,10,600.0,660.0,0,0.0,1799.36
20,Ori_Recording_20.wav,11,660.0,720.0,0,0.0,1799.36
20,Ori_Recording_20.wav,12,720.0,780.0,0,0.0,1799.36
20,Ori_Recording_20.wav,13,780.0,840.0,0,0.0,1799.36
20,Ori_Recording_20.wav,14,840.0,900.0,0,0.0,1799.36
20,Ori_Recording_20.wav,15,900.0,960.0,1,2.6439,1799.36
20,Ori_Recording_20.wav,16,960.0,1020.0,0,0.0,1799.36
20,Ori_Recording_20.wav,17,1020.0,1080.0,0,0.0,1799.36
20,Ori_Recording_20.wav,18,1080.0,1140.0,0,0.0,1799.36
20,Ori_Recording_20.wav,19,1140.0,1200.0,0,0.0,1799.36
20,Ori_Recording_20.wav,20,1200.0,1260.0,0,0.0,1799.36
20,Ori_Recording_20.wav,21,1260.0,1320.0,0,0.0,1799.36
20,Ori_Recording_20.wav,22,1320.0,1380.0,0,0.0,1799.36
20,Ori_Recording_20.wav,23,1380.0,1440.0,0,0.0,1799.36
20,Ori_Recording_20.wav,24,1440.0,1500.0,1,0.5914,1799.36
20,Ori_Recording_20.wav,25,1500.0,1560.0,0,0.0,1799.36
20,Ori_Recording_20.wav,26,1560.0,1620.0,0,0.0,1799.36
20,Ori_Recording_20.wav,27,1620.0,1680.0,0,0.0,1799.36
20,Ori_Recording_20.wav,28,1680.0,1740.0,0,0.0,1799.36
21,Ori_Recording_21.wav,0,0.0,60.0,0,0.0,1799.74
21,Ori_Recording_21.wav,1,60.0,120.0,0,0.0,1799.74
21,Ori_Recording_21.wav,2,120.0,180.0,0,0.0,1799.74
21,Ori_Recording_21.wav,3,180.0,240.0,0,0.0,1799.74
21,Ori_Recording_21.wav,4,240.0,300.0,0,0.0,1799.74
21,Ori_Recording_21.wav,5,300.0,360.0,1,2.6335,1799.74
21,Ori_Recording_21.wav,6,360.0,420.0,1,1.533,1799.74
21,Ori_Recording_21.wav,7,420.0,480.0,0,0.0,1799.74
21,Ori_Recording_21.wav,8,480.0,540.0,0,0.0,1799.74
21,Ori_Recording_21.wav,9,540.0,600.0,0,0.0,1799.74
21,Ori_Recording_21.wav,10,600.0,660.0,1,1.1147,1799.74
21,Ori_Recording_21.wav,11,660.0,720.0,1,8.7955,1799.74
21,Ori_Recording_21.wav,12,720.0,780.0,1,1.9868,1799.74
21,Ori_Recording_21.wav,13,780.0,840.0,1,11.1666,1799.74
21,Ori_Recording_21.wav,14,840.0,900.0,1,0.9543,1799.74
21,Ori_Recording_21.wav,15,900.0,960.0,0,0.0,1799.74
21,Ori_Recording_21.wav,16,960.0,1020.0,1,2.4135,1799.74
21,Ori_Recording_21.wav,17,1020.0,1080.0,1,3.0843,1799.74
21,Ori_Recording_21.wav,18,1080.0,1140.0,0,0.0,1799.74
21,Ori_Recording_21.wav,19,1140.0,1200.0,0,0.0,1799.74
21,Ori_Recording_21.wav,20,1200.0,1260.0,1,0.5419,1799.74
21,Ori_Recording_21.wav,21,1260.0,1320.0,1,3.9129,1799.74
21,Ori_Recording_21.wav,22,1320.0,1380.0,1,7.3319,1799.74
21,Ori_Recording_21.wav,23,1380.0,1440.0,0,0.0,1799.74
21,Ori_Recording_21.wav,24,1440.0,1500.0,1,0.7261,1799.74
21,Ori_Recording_21.wav,25,1500.0,1560.0,1,3.0817,1799.74
21,Ori_Recording_21.wav,26,1560.0,1620.0,1,0.9241,1799.74
21,Ori_Recording_21.wav,27,1620.0,1680.0,1,3.1509,1799.74
21,Ori_Recording_21.wav,28,1680.0,1740.0,0,0.0,1799.74
22,Ori_Recording_22.wav,0,0.0,60.0,1,1.0028,1799.97
22,Ori_Recording_22.wav,1,60.0,120.0,1,0.16,1799.97
22,Ori_Recording_22.wav,2,120.0,180.0,0,0.0,1799.97
22,Ori_Recording_22.wav,3,180.0,240.0,1,0.8694,1799.97
22,Ori_Recording_22.wav,4,240.0,300.0,0,0.0,1799.97
22,Ori_Recording_22.wav,5,300.0,360.0,0,0.0,1799.97
22,Ori_Recording_22.wav,6,360.0,420.0,0,0.0,1799.97
22,Ori_Recording_22.wav,7,420.0,480.0,1,4.4877,1799.97
22,Ori_Recording_22.wav,8,480.0,540.0,0,0.0,1799.97
22,Ori_Recording_22.wav,9,540.0,600.0,1,0.2115,1799.97
22,Ori_Recording_22.wav,10,600.0,660.0,1,0.3555,1799.97
22,Ori_Recording_22.wav,11,660.0,720.0,1,0.6638,1799.97
22,Ori_Recording_22.wav,12,720.0,780.0,1,0.8488,1799.97
22,Ori_Recording_22.wav,13,780.0,840.0,1,2.6972,1799.97
22,Ori_Recording_22.wav,14,840.0,900.0,1,0.1259,1799.97
22,Ori_Recording_22.wav,15,900.0,960.0,0,0.0,1799.97
22,Ori_Recording_22.wav,16,960.0,1020.0,0,0.0,1799.97
22,Ori_Recording_22.wav,17,1020.0,1080.0,1,1.6778,1799.97
22,Ori_Recording_22.wav,18,1080.0,1140.0,1,4.4309,1799.97
22,Ori_Recording_22.wav,19,1140.0,1200.0,1,1.6457,1799.97
22,Ori_Recording_22.wav,20,1200.0,1260.0,0,0.0,1799.97
22,Ori_Recording_22.wav,21,1260.0,1320.0,1,0.1963,1799.97
22,Ori_Recording_22.wav,22,1320.0,1380.0,0,0.0,1799.97
22,Ori_Recording_22.wav,23,1380.0,1440.0,0,0.0,1799.97
22,Ori_Recording_22.wav,24,1440.0,1500.0,0,0.0,1799.97
22,Ori_Recording_22.wav,25,1500.0,1560.0,0,0.0,1799.97
22,Ori_Recording_22.wav,26,1560.0,1620.0,1,1.2269,1799.97
22,Ori_Recording_22.wav,27,1620.0,1680.0,1,1.2259,1799.97
22,Ori_Recording_22.wav,28,1680.0,1740.0,1,1.2159,1799.97
23,Ori_Recording_23.wav,0,0.0,60.0,1,9.1746,1799.96
23,Ori_Recording_23.wav,1,60.0,120.0,1,0.5672,1799.96
23,Ori_Recording_23.wav,2,120.0,180.0,1,1.525,1799.96
23,Ori_Recording_23.wav,3,180.0,240.0,0,0.0,1799.96
23,Ori_Recording_23.wav,4,240.0,300.0,1,0.978,1799.96
23,Ori_Recording_23.wav,5,300.0,360.0,0,0.0,1799.96
23,Ori_Recording_23.wav,6,360.0,420.0,1,0.7505,1799.96
23,Ori_Recording_23.wav,7,420.0,480.0,1,0.7145,1799.96
23,Ori_Recording_23.wav,8,480.0,540.0,0,0.0,1799.96
23,Ori_Recording_23.wav,9,540.0,600.0,0,0.0,1799.96
23,Ori_Recording_23.wav,10,600.0,660.0,0,0.0,1799.96
23,Ori_Recording_23.wav,11,660.0,720.0,0,0.0,1799.96
23,Ori_Recording_23.wav,12,720.0,780.0,0,0.0,1799.96
23,Ori_Recording_23.wav,13,780.0,840.0,0,0.0,1799.96
23,Ori_Recording_23.wav,14,840.0,900.0,0,0.0,1799.96
23,Ori_Recording_23.wav,15,900.0,960.0,0,0.0,1799.96
23,Ori_Recording_23.wav,16,960.0,1020.0,0,0.0,1799.96
23,Ori_Recording_23.wav,17,1020.0,1080.0,0,0.0,1799.96
23,Ori_Recording_23.wav,18,1080.0,1140.0,0,0.0,1799.96
23,Ori_Recording_23.wav,19,1140.0,1200.0,0,0.0,1799.96
23,Ori_Recording_23.wav,20,1200.0,1260.0,0,0.0,1799.96
23,Ori_Recording_23.wav,21,1260.0,1320.0,0,0.0,1799.96
23,Ori_Recording_23.wav,22,1320.0,1380.0,0,0.0,1799.96
23,Ori_Recording_23.wav,23,1380.0,1440.0,0,0.0,1799.96
23,Ori_Recording_23.wav,24,1440.0,1500.0,0,0.0,1799.96
23,Ori_Recording_23.wav,25,1500.0,1560.0,0,0.0,1799.96
23,Ori_Recording_23.wav,26,1560.0,1620.0,0,0.0,1799.96
23,Ori_Recording_23.wav,27,1620.0,1680.0,1,0.3649,1799.96
23,Ori_Recording_23.wav,28,1680.0,1740.0,1,1.032,1799.96
24,Ori_Recording_24.wav,0,0.0,60.0,1,0.5268,1799.88
24,Ori_Recording_24.wav,1,60.0,120.0,0,0.0,1799.88
24,Ori_Recording_24.wav,2,120.0,180.0,1,1.7626,1799.88
24,Ori_Recording_24.wav,3,180.0,240.0,1,0.3129,1799.88
24,Ori_Recording_24.wav,4,240.0,300.0,0,0.0,1799.88
24,Ori_Recording_24.wav,5,300.0,360.0,1,1.3231,1799.88
24,Ori_Recording_24.wav,6,360.0,420.0,0,0.0,1799.88
24,Ori_Recording_24.wav,7,420.0,480.0,0,0.0,1799.88
24,Ori_Recording_24.wav,8,480.0,540.0,1,0.8939,1799.88
24,Ori_Recording_24.wav,9,540.0,600.0,1,3.0301,1799.88
24,Ori_Recording_24.wav,10,600.0,660.0,1,2.6577,1799.88
24,Ori_Recording_24.wav,11,660.0,720.0,1,0.2902,1799.88
24,Ori_Recording_24.wav,12,720.0,780.0,1,0.1419,1799.88
24,Ori_Recording_24.wav,13,780.0,840.0,0,0.0,1799.88
24,Ori_Recording_24.wav,14,840.0,900.0,0,0.0,1799.88
24,Ori_Recording_24.wav,15,900.0,960.0,0,0.0,1799.88
24,Ori_Recording_24.wav,16,960.0,1020.0,0,0.0,1799.88
24,Ori_Recording_24.wav,17,1020.0,1080.0,0,0.0,1799.88
24,Ori_Recording_24.wav,18,1080.0,1140.0,0,0.0,1799.88
24,Ori_Recording_24.wav,19,1140.0,1200.0,0,0.0,1799.88
24,Ori_Recording_24.wav,20,1200.0,1260.0,1,1.9923,1799.88
24,Ori_Recording_24.wav,21,1260.0,1320.0,1,0.4746,1799.88
24,Ori_Recording_24.wav,22,1320.0,1380.0,1,0.6993,1799.88
24,Ori_Recording_24.wav,23,1380.0,1440.0,0,0.0,1799.88
24,Ori_Recording_24.wav,24,1440.0,1500.0,0,0.0,1799.88
24,Ori_Recording_24.wav,25,1500.0,1560.0,0,0.0,1799.88
24,Ori_Recording_24.wav,26,1560.0,1620.0,1,0.2684,1799.88
24,Ori_Recording_24.wav,27,1620.0,1680.0,0,0.0,1799.88
24,Ori_Recording_24.wav,28,1680.0,1740.0,0,0.0,1799.88
25,Ori_Recording_25.wav,0,0.0,60.0,0,0.0,1799.97
25,Ori_Recording_25.wav,1,60.0,120.0,1,0.2651,1799.97
25,Ori_Recording_25.wav,2,120.0,180.0,0,0.0,1799.97
25,Ori_Recording_25.wav,3,180.0,240.0,0,0.0,1799.97
25,Ori_Recording_25.wav,4,240.0,300.0,0,0.0,1799.97
25,Ori_Recording_25.wav,5,300.0,360.0,0,0.0,1799.97
25,Ori_Recording_25.wav,6,360.0,420.0,1,2.6909,1799.97
25,Ori_Recording_25.wav,7,420.0,480.0,1,1.4123,1799.97
25,Ori_Recording_25.wav,8,480.0,540.0,1,1.7695,1799.97
25,Ori_Recording_25.wav,9,540.0,600.0,1,1.2485,1799.97
25,Ori_Recording_25.wav,10,600.0,660.0,1,0.7625,1799.97
25,Ori_Recording_25.wav,11,660.0,720.0,0,0.0,1799.97
25,Ori_Recording_25.wav,12,720.0,780.0,0,0.0,1799.97
25,Ori_Recording_25.wav,13,780.0,840.0,0,0.0,1799.97
25,Ori_Recording_25.wav,14,840.0,900.0,1,1.3585,1799.97
25,Ori_Recording_25.wav,15,900.0,960.0,0,0.0,1799.97
25,Ori_Recording_25.wav,16,960.0,1020.0,0,0.0,1799.97
25,Ori_Recording_25.wav,17,1020.0,1080.0,0,0.0,1799.97
25,Ori_Recording_25.wav,18,1080.0,1140.0,1,1.2241,1799.97
25,Ori_Recording_25.wav,19,1140.0,1200.0,1,3.1311,1799.97
25,Ori_Recording_25.wav,20,1200.0,1260.0,1,1.6078,1799.97
25,Ori_Recording_25.wav,21,1260.0,1320.0,0,0.0,1799.97
25,Ori_Recording_25.wav,22,1320.0,1380.0,0,0.0,1799.97
25,Ori_Recording_25.wav,23,1380.0,1440.0,0,0.0,1799.97
25,Ori_Recording_25.wav,24,1440.0,1500.0,0,0.0,1799.97
25,Ori_Recording_25.wav,25,1500.0,1560.0,1,0.2629,1799.97
25,Ori_Recording_25.wav,26,1560.0,1620.0,0,0.0,1799.97
25,Ori_Recording_25.wav,27,1620.0,1680.0,0,0.0,1799.97
25,Ori_Recording_25.wav,28,1680.0,1740.0,0,0.0,1799.97
26,Ori_Recording_26.wav,0,0.0,60.0,0,0.0,1799.97
26,Ori_Recording_26.wav,1,60.0,120.0,0,0.0,1799.97
26,Ori_Recording_26.wav,2,120.0,180.0,0,0.0,1799.97
26,Ori_Recording_26.wav,3,180.0,240.0,0,0.0,1799.97
26,Ori_Recording_26.wav,4,240.0,300.0,0,0.0,1799.97
26,Ori_Recording_26.wav,5,300.0,360.0,1,0.1867,1799.97
26,Ori_Recording_26.wav,6,360.0,420.0,1,0.106,1799.97
26,Ori_Recording_26.wav,7,420.0,480.0,0,0.0,1799.97
26,Ori_Recording_26.wav,8,480.0,540.0,0,0.0,1799.97
26,Ori_Recording_26.wav,9,540.0,600.0,0,0.0,1799.97
26,Ori_Recording_26.wav,10,600.0,660.0,1,0.2097,1799.97
26,Ori_Recording_26.wav,11,660.0,720.0,0,0.0,1799.97
26,Ori_Recording_26.wav,12,720.0,780.0,0,0.0,1799.97
26,Ori_Recording_26.wav,13,780.0,840.0,0,0.0,1799.97
26,Ori_Recording_26.wav,14,840.0,900.0,0,0.0,1799.97
26,Ori_Recording_26.wav,15,900.0,960.0,0,0.0,1799.97
26,Ori_Recording_26.wav,16,960.0,1020.0,0,0.0,1799.97
26,Ori_Recording_26.wav,17,1020.0,1080.0,0,0.0,1799.97
26,Ori_Recording_26.wav,18,1080.0,1140.0,0,0.0,1799.97
26,Ori_Recording_26.wav,19,1140.0,1200.0,0,0.0,1799.97
26,Ori_Recording_26.wav,20,1200.0,1260.0,0,0.0,1799.97
26,Ori_Recording_26.wav,21,1260.0,1320.0,0,0.0,1799.97
26,Ori_Recording_26.wav,22,1320.0,1380.0,0,0.0,1799.97
26,Ori_Recording_26.wav,23,1380.0,1440.0,0,0.0,1799.97
26,Ori_Recording_26.wav,24,1440.0,1500.0,0,0.0,1799.97
26,Ori_Recording_26.wav,25,1500.0,1560.0,0,0.0,1799.97
26,Ori_Recording_26.wav,26,1560.0,1620.0,0,0.0,1799.97
26,Ori_Recording_26.wav,27,1620.0,1680.0,0,0.0,1799.97
26,Ori_Recording_26.wav,28,1680.0,1740.0,0,0.0,1799.97
27,Ori_Recording_27.wav,0,0.0,60.0,0,0.0,1799.97
27,Ori_Recording_27.wav,1,60.0,120.0,0,0.0,1799.97
27,Ori_Recording_27.wav,2,120.0,180.0,0,0.0,1799.97
27,Ori_Recording_27.wav,3,180.0,240.0,0,0.0,1799.97
27,Ori_Recording_27.wav,4,240.0,300.0,0,0.0,1799.97
27,Ori_Recording_27.wav,5,300.0,360.0,0,0.0,1799.97
27,Ori_Recording_27.wav,6,360.0,420.0,1,1.781,1799.97
27,Ori_Recording_27.wav,7,420.0,480.0,0,0.0,1799.97
27,Ori_Recording_27.wav,8,480.0,540.0,0,0.0,1799.97
27,Ori_Recording_27.wav,9,540.0,600.0,0,0.0,1799.97
27,Ori_Recording_27.wav,10,600.0,660.0,0,0.0,1799.97
27,Ori_Recording_27.wav,11,660.0,720.0,0,0.0,1799.97
27,Ori_Recording_27.wav,12,720.0,780.0,0,0.0,1799.97
27,Ori_Recording_27.wav,13,780.0,840.0,0,0.0,1799.97
27,Ori_Recording_27.wav,14,840.0,900.0,0,0.0,1799.97
27,Ori_Recording_27.wav,15,900.0,960.0,0,0.0,1799.97
27,Ori_Recording_27.wav,16,960.0,1020.0,0,0.0,1799.97
27,Ori_Recording_27.wav,17,1020.0,1080.0,0,0.0,1799.97
27,Ori_Recording_27.wav,18,1080.0,1140.0,0,0.0,1799.97
27,Ori_Recording_27.wav,19,1140.0,1200.0,1,1.3674,1799.97
27,Ori_Recording_27.wav,20,1200.0,1260.0,0,0.0,1799.97
27,Ori_Recording_27.wav,21,1260.0,1320.0,0,0.0,1799.97
27,Ori_Recording_27.wav,22,1320.0,1380.0,0,0.0,1799.97
27,Ori_Recording_27.wav,23,1380.0,1440.0,0,0.0,1799.97
27,Ori_Recording_27.wav,24,1440.0,1500.0,0,0.0,1799.97
27,Ori_Recording_27.wav,25,1500.0,1560.0,0,0.0,1799.97
27,Ori_Recording_27.wav,26,1560.0,1620.0,0,0.0,1799.97
27,Ori_Recording_27.wav,27,1620.0,1680.0,0,0.0,1799.97
27,Ori_Recording_27.wav,28,1680.0,1740.0,0,0.0,1799.97
28,Ori_Recording_28.wav,0,0.0,60.0,0,0.0,1799.98
28,Ori_Recording_28.wav,1,60.0,120.0,0,0.0,1799.98
28,Ori_Recording_28.wav,2,120.0,180.0,0,0.0,1799.98
28,Ori_Recording_28.wav,3,180.0,240.0,0,0.0,1799.98
28,Ori_Recording_28.wav,4,240.0,300.0,0,0.0,1799.98
28,Ori_Recording_28.wav,5,300.0,360.0,1,0.0726,1799.98
28,Ori_Recording_28.wav,6,360.0,420.0,0,0.0,1799.98
28,Ori_Recording_28.wav,7,420.0,480.0,0,0.0,1799.98
28,Ori_Recording_28.wav,8,480.0,540.0,0,0.0,1799.98
28,Ori_Recording_28.wav,9,540.0,600.0,1,2.2202,1799.98
28,Ori_Recording_28.wav,10,600.0,660.0,1,0.925,1799.98
28,Ori_Recording_28.wav,11,660.0,720.0,0,0.0,1799.98
28,Ori_Recording_28.wav,12,720.0,780.0,0,0.0,1799.98
28,Ori_Recording_28.wav,13,780.0,840.0,1,5.4092,1799.98
28,Ori_Recording_28.wav,14,840.0,900.0,0,0.0,1799.98
28,Ori_Recording_28.wav,15,900.0,960.0,0,0.0,1799.98
28,Ori_Recording_28.wav,16,960.0,1020.0,0,0.0,1799.98
28,Ori_Recording_28.wav,17,1020.0,1080.0,0,0.0,1799.98
28,Ori_Recording_28.wav,18,1080.0,1140.0,0,0.0,1799.98
28,Ori_Recording_28.wav,19,1140.0,1200.0,0,0.0,1799.98
28,Ori_Recording_28.wav,20,1200.0,1260.0,0,0.0,1799.98
28,Ori_Recording_28.wav,21,1260.0,1320.0,0,0.0,1799.98
28,Ori_Recording_28.wav,22,1320.0,1380.0,0,0.0,1799.98
28,Ori_Recording_28.wav,23,1380.0,1440.0,0,0.0,1799.98
28,Ori_Recording_28.wav,24,1440.0,1500.0,0,0.0,1799.98
28,Ori_Recording_28.wav,25,1500.0,1560.0,0,0.0,1799.98
28,Ori_Recording_28.wav,26,1560.0,1620.0,0,0.0,1799.98
28,Ori_Recording_28.wav,27,1620.0,1680.0,1,3.6186,1799.98
28,Ori_Recording_28.wav,28,1680.0,1740.0,1,4.2568,1799.98
29,Ori_Recording_29.wav,0,0.0,60.0,0,0.0,1797.9
29,Ori_Recording_29.wav,1,60.0,120.0,0,0.0,1797.9
29,Ori_Recording_29.wav,2,120.0,180.0,0,0.0,1797.9
29,Ori_Recording_29.wav,3,180.0,240.0,1,9.2611,1797.9
29,Ori_Recording_29.wav,4,240.0,300.0,1,8.9847,1797.9
29,Ori_Recording_29.wav,5,300.0,360.0,1,5.4555,1797.9
29,Ori_Recording_29.wav,6,360.0,420.0,1,6.4062,1797.9
29,Ori_Recording_29.wav,7,420.0,480.0,1,1.2482,1797.9
29,Ori_Recording_29.wav,8,480.0,540.0,1,5.6735,1797.9
29,Ori_Recording_29.wav,9,540.0,600.0,0,0.0,1797.9
29,Ori_Recording_29.wav,10,600.0,660.0,1,1.3964,1797.9
29,Ori_Recording_29.wav,11,660.0,720.0,1,5.0,1797.9
29,Ori_Recording_29.wav,12,720.0,780.0,1,6.8993,1797.9
29,Ori_Recording_29.wav,13,780.0,840.0,1,8.809,1797.9
29,Ori_Recording_29.wav,14,840.0,900.0,1,11.4838,1797.9
29,Ori_Recording_29.wav,15,900.0,960.0,1,7.3262,1797.9
29,Ori_Recording_29.wav,16,960.0,1020.0,0,0.0,1797.9
29,Ori_Recording_29.wav,17,1020.0,1080.0,1,3.1153,1797.9
29,Ori_Recording_29.wav,18,1080.0,1140.0,1,1.7072,1797.9
29,Ori_Recording_29.wav,19,1140.0,1200.0,1,3.382,1797.9
29,Ori_Recording_29.wav,20,1200.0,1260.0,0,0.0,1797.9
29,Ori_Recording_29.wav,21,1260.0,1320.0,0,0.0,1797.9
29,Ori_Recording_29.wav,22,1320.0,1380.0,0,0.0,1797.9
29,Ori_Recording_29.wav,23,1380.0,1440.0,1,0.0484,1797.9
29,Ori_Recording_29.wav,24,1440.0,1500.0,0,0.0,1797.9
29,Ori_Recording_29.wav,25,1500.0,1560.0,1,0.2353,1797.9
29,Ori_Recording_29.wav,26,1560.0,1620.0,0,0.0,1797.9
29,Ori_Recording_29.wav,27,1620.0,1680.0,1,4.0179,1797.9
29,Ori_Recording_29.wav,28,1680.0,1740.0,0,0.0,1797.9
30,Ori_Recording_30.wav,0,0.0,60.0,0,0.0,1799.4
30,Ori_Recording_30.wav,1,60.0,120.0,0,0.0,1799.4
30,Ori_Recording_30.wav,2,120.0,180.0,1,7.3032,1799.4
30,Ori_Recording_30.wav,3,180.0,240.0,1,5.4278,1799.4
30,Ori_Recording_30.wav,4,240.0,300.0,1,1.7926,1799.4
30,Ori_Recording_30.wav,5,300.0,360.0,1,0.8285,1799.4
30,Ori_Recording_30.wav,6,360.0,420.0,0,0.0,1799.4
30,Ori_Recording_30.wav,7,420.0,480.0,0,0.0,1799.4
30,Ori_Recording_30.wav,8,480.0,540.0,0,0.0,1799.4
30,Ori_Recording_30.wav,9,540.0,600.0,0,0.0,1799.4
30,Ori_Recording_30.wav,10,600.0,660.0,1,4.7121,1799.4
30,Ori_Recording_30.wav,11,660.0,720.0,1,0.256,1799.4
30,Ori_Recording_30.wav,12,720.0,780.0,1,0.7913,1799.4
30,Ori_Recording_30.wav,13,780.0,840.0,0,0.0,1799.4
30,Ori_Recording_30.wav,14,840.0,900.0,0,0.0,1799.4
30,Ori_Recording_30.wav,15,900.0,960.0,1,4.4218,1799.4
30,Ori_Recording_30.wav,16,960.0,1020.0,1,0.5345,1799.4
30,Ori_Recording_30.wav,17,1020.0,1080.0,0,0.0,1799.4
30,Ori_Recording_30.wav,18,1080.0,1140.0,1,1.4565,1799.4
30,Ori_Recording_30.wav,19,1140.0,1200.0,1,0.4265,1799.4
30,Ori_Recording_30.wav,20,1200.0,1260.0,0,0.0,1799.4
30,Ori_Recording_30.wav,21,1260.0,1320.0,0,0.0,1799.4
30,Ori_Recording_30.wav,22,1320.0,1380.0,1,0.4744,1799.4
30,Ori_Recording_30.wav,23,1380.0,1440.0,0,0.0,1799.4
30,Ori_Recording_30.wav,24,1440.0,1500.0,0,0.0,1799.4
30,Ori_Recording_30.wav,25,1500.0,1560.0,0,0.0,1799.4
30,Ori_Recording_30.wav,26,1560.0,1620.0,0,0.0,1799.4
30,Ori_Recording_30.wav,27,1620.0,1680.0,0,0.0,1799.4
30,Ori_Recording_30.wav,28,1680.0,1740.0,0,0.0,1799.4
31,Ori_Recording_31.wav,0,0.0,60.0,0,0.0,1799.85
31,Ori_Recording_31.wav,1,60.0,120.0,0,0.0,1799.85
31,Ori_Recording_31.wav,2,120.0,180.0,0,0.0,1799.85
31,Ori_Recording_31.wav,3,180.0,240.0,1,1.9139,1799.85
31,Ori_Recording_31.wav,4,240.0,300.0,0,0.0,1799.85
31,Ori_Recording_31.wav,5,300.0,360.0,0,0.0,1799.85
31,Ori_Recording_31.wav,6,360.0,420.0,0,0.0,1799.85
31,Ori_Recording_31.wav,7,420.0,480.0,1,0.4425,1799.85
31,Ori_Recording_31.wav,8,480.0,540.0,0,0.0,1799.85
31,Ori_Recording_31.wav,9,540.0,600.0,0,0.0,1799.85
31,Ori_Recording_31.wav,10,600.0,660.0,0,0.0,1799.85
31,Ori_Recording_31.wav,11,660.0,720.0,1,0.6092,1799.85
31,Ori_Recording_31.wav,12,720.0,780.0,1,7.2654,1799.85
31,Ori_Recording_31.wav,13,780.0,840.0,1,5.0742,1799.85
31,Ori_Recording_31.wav,14,840.0,900.0,0,0.0,1799.85
31,Ori_Recording_31.wav,15,900.0,960.0,0,0.0,1799.85
31,Ori_Recording_31.wav,16,960.0,1020.0,0,0.0,1799.85
31,Ori_Recording_31.wav,17,1020.0,1080.0,0,0.0,1799.85
31,Ori_Recording_31.wav,18,1080.0,1140.0,0,0.0,1799.85
31,Ori_Recording_31.wav,19,1140.0,1200.0,0,0.0,1799.85
31,Ori_Recording_31.wav,20,1200.0,1260.0,0,0.0,1799.85
31,Ori_Recording_31.wav,21,1260.0,1320.0,0,0.0,1799.85
31,Ori_Recording_31.wav,22,1320.0,1380.0,0,0.0,1799.85
31,Ori_Recording_31.wav,23,1380.0,1440.0,0,0.0,1799.85
31,Ori_Recording_31.wav,24,1440.0,1500.0,1,1.512,1799.85
31,Ori_Recording_31.wav,25,1500.0,1560.0,1,2.6035,1799.85
31,Ori_Recording_31.wav,26,1560.0,1620.0,1,2.0508,1799.85
31,Ori_Recording_31.wav,27,1620.0,1680.0,0,0.0,1799.85
31,Ori_Recording_31.wav,28,1680.0,1740.0,0,0.0,1799.85
32,Ori_Recording_32.wav,0,0.0,60.0,0,0.0,1799.97
32,Ori_Recording_32.wav,1,60.0,120.0,0,0.0,1799.97
32,Ori_Recording_32.wav,2,120.0,180.0,0,0.0,1799.97
32,Ori_Recording_32.wav,3,180.0,240.0,0,0.0,1799.97
32,Ori_Recording_32.wav,4,240.0,300.0,0,0.0,1799.97
32,Ori_Recording_32.wav,5,300.0,360.0,0,0.0,1799.97
32,Ori_Recording_32.wav,6,360.0,420.0,0,0.0,1799.97
32,Ori_Recording_32.wav,7,420.0,480.0,0,0.0,1799.97
32,Ori_Recording_32.wav,8,480.0,540.0,1,0.5376,1799.97
32,Ori_Recording_32.wav,9,540.0,600.0,1,0.6754,1799.97
32,Ori_Recording_32.wav,10,600.0,660.0,1,2.0305,1799.97
32,Ori_Recording_32.wav,11,660.0,720.0,1,0.264,1799.97
32,Ori_Recording_32.wav,12,720.0,780.0,0,0.0,1799.97
32,Ori_Recording_32.wav,13,780.0,840.0,0,0.0,1799.97
32,Ori_Recording_32.wav,14,840.0,900.0,0,0.0,1799.97
32,Ori_Recording_32.wav,15,900.0,960.0,0,0.0,1799.97
32,Ori_Recording_32.wav,16,960.0,1020.0,1,4.9397,1799.97
32,Ori_Recording_32.wav,17,1020.0,1080.0,1,4.2923,1799.97
32,Ori_Recording_32.wav,18,1080.0,1140.0,0,0.0,1799.97
32,Ori_Recording_32.wav,19,1140.0,1200.0,0,0.0,1799.97
32,Ori_Recording_32.wav,20,1200.0,1260.0,0,0.0,1799.97
32,Ori_Recording_32.wav,21,1260.0,1320.0,0,0.0,1799.97
32,Ori_Recording_32.wav,22,1320.0,1380.0,0,0.0,1799.97
32,Ori_Recording_32.wav,23,1380.0,1440.0,0,0.0,1799.97
32,Ori_Recording_32.wav,24,1440.0,1500.0,0,0.0,1799.97
32,Ori_Recording_32.wav,25,1500.0,1560.0,0,0.0,1799.97
32,Ori_Recording_32.wav,26,1560.0,1620.0,0,0.0,1799.97
32,Ori_Recording_32.wav,27,1620.0,1680.0,0,0.0,1799.97
32,Ori_Recording_32.wav,28,1680.0,1740.0,0,0.0,1799.97
33,Ori_Recording_33.wav,0,0.0,60.0,0,0.0,1797.98
33,Ori_Recording_33.wav,1,60.0,120.0,0,0.0,1797.98
33,Ori_Recording_33.wav,2,120.0,180.0,0,0.0,1797.98
33,Ori_Recording_33.wav,3,180.0,240.0,0,0.0,1797.98
33,Ori_Recording_33.wav,4,240.0,300.0,0,0.0,1797.98
33,Ori_Recording_33.wav,5,300.0,360.0,0,0.0,1797.98
33,Ori_Recording_33.wav,6,360.0,420.0,0,0.0,1797.98
33,Ori_Recording_33.wav,7,420.0,480.0,0,0.0,1797.98
33,Ori_Recording_33.wav,8,480.0,540.0,0,0.0,1797.98
33,Ori_Recording_33.wav,9,540.0,600.0,0,0.0,1797.98
33,Ori_Recording_33.wav,10,600.0,660.0,0,0.0,1797.98
33,Ori_Recording_33.wav,11,660.0,720.0,0,0.0,1797.98
33,Ori_Recording_33.wav,12,720.0,780.0,0,0.0,1797.98
33,Ori_Recording_33.wav,13,780.0,840.0,0,0.0,1797.98
33,Ori_Recording_33.wav,14,840.0,900.0,0,0.0,1797.98
33,Ori_Recording_33.wav,15,900.0,960.0,0,0.0,1797.98
33,Ori_Recording_33.wav,16,960.0,1020.0,0,0.0,1797.98
33,Ori_Recording_33.wav,17,1020.0,1080.0,0,0.0,1797.98
33,Ori_Recording_33.wav,18,1080.0,1140.0,0,0.0,1797.98
33,Ori_Recording_33.wav,19,1140.0,1200.0,0,0.0,1797.98
33,Ori_Recording_33.wav,20,1200.0,1260.0,0,0.0,1797.98
33,Ori_Recording_33.wav,21,1260.0,1320.0,0,0.0,1797.98
33,Ori_Recording_33.wav,22,1320.0,1380.0,0,0.0,1797.98
33,Ori_Recording_33.wav,23,1380.0,1440.0,0,0.0,1797.98
33,Ori_Recording_33.wav,24,1440.0,1500.0,0,0.0,1797.98
33,Ori_Recording_33.wav,25,1500.0,1560.0,1,1.8669,1797.98
33,Ori_Recording_33.wav,26,1560.0,1620.0,0,0.0,1797.98
33,Ori_Recording_33.wav,27,1620.0,1680.0,0,0.0,1797.98
33,Ori_Recording_33.wav,28,1680.0,1740.0,0,0.0,1797.98
34,Ori_Recording_34.wav,0,0.0,60.0,1,1.6936,1799.6
34,Ori_Recording_34.wav,1,60.0,120.0,0,0.0,1799.6
34,Ori_Recording_34.wav,2,120.0,180.0,0,0.0,1799.6
34,Ori_Recording_34.wav,3,180.0,240.0,1,0.965,1799.6
34,Ori_Recording_34.wav,4,240.0,300.0,0,0.0,1799.6
34,Ori_Recording_34.wav,5,300.0,360.0,0,0.0,1799.6
34,Ori_Recording_34.wav,6,360.0,420.0,0,0.0,1799.6
34,Ori_Recording_34.wav,7,420.0,480.0,0,0.0,1799.6
34,Ori_Recording_34.wav,8,480.0,540.0,0,0.0,1799.6
34,Ori_Recording_34.wav,9,540.0,600.0,0,0.0,1799.6
34,Ori_Recording_34.wav,10,600.0,660.0,0,0.0,1799.6
34,Ori_Recording_34.wav,11,660.0,720.0,0,0.0,1799.6
34,Ori_Recording_34.wav,12,720.0,780.0,0,0.0,1799.6
34,Ori_Recording_34.wav,13,780.0,840.0,0,0.0,1799.6
34,Ori_Recording_34.wav,14,840.0,900.0,0,0.0,1799.6
34,Ori_Recording_34.wav,15,900.0,960.0,0,0.0,1799.6
34,Ori_Recording_34.wav,16,960.0,1020.0,0,0.0,1799.6
34,Ori_Recording_34.wav,17,1020.0,1080.0,0,0.0,1799.6
34,Ori_Recording_34.wav,18,1080.0,1140.0,0,0.0,1799.6
34,Ori_Recording_34.wav,19,1140.0,1200.0,0,0.0,1799.6
34,Ori_Recording_34.wav,20,1200.0,1260.0,0,0.0,1799.6
34,Ori_Recording_34.wav,21,1260.0,1320.0,0,0.0,1799.6
34,Ori_Recording_34.wav,22,1320.0,1380.0,0,0.0,1799.6
34,Ori_Recording_34.wav,23,1380.0,1440.0,0,0.0,1799.6
34,Ori_Recording_34.wav,24,1440.0,1500.0,0,0.0,1799.6
34,Ori_Recording_34.wav,25,1500.0,1560.0,0,0.0,1799.6
34,Ori_Recording_34.wav,26,1560.0,1620.0,0,0.0,1799.6
34,Ori_Recording_34.wav,27,1620.0,1680.0,0,0.0,1799.6
34,Ori_Recording_34.wav,28,1680.0,1740.0,0,0.0,1799.6
35,Ori_Recording_35.wav,0,0.0,60.0,0,0.0,1799.45
35,Ori_Recording_35.wav,1,60.0,120.0,0,0.0,1799.45
35,Ori_Recording_35.wav,2,120.0,180.0,0,0.0,1799.45
35,Ori_Recording_35.wav,3,180.0,240.0,0,0.0,1799.45
35,Ori_Recording_35.wav,4,240.0,300.0,0,0.0,1799.45
35,Ori_Recording_35.wav,5,300.0,360.0,0,0.0,1799.45
35,Ori_Recording_35.wav,6,360.0,420.0,0,0.0,1799.45
35,Ori_Recording_35.wav,7,420.0,480.0,0,0.0,1799.45
35,Ori_Recording_35.wav,8,480.0,540.0,0,0.0,1799.45
35,Ori_Recording_35.wav,9,540.0,600.0,0,0.0,1799.45
35,Ori_Recording_35.wav,10,600.0,660.0,0,0.0,1799.45
35,Ori_Recording_35.wav,11,660.0,720.0,0,0.0,1799.45
35,Ori_Recording_35.wav,12,720.0,780.0,0,0.0,1799.45
35,Ori_Recording_35.wav,13,780.0,840.0,0,0.0,1799.45
35,Ori_Recording_35.wav,14,840.0,900.0,0,0.0,1799.45
35,Ori_Recording_35.wav,15,900.0,960.0,0,0.0,1799.45
35,Ori_Recording_35.wav,16,960.0,1020.0,0,0.0,1799.45
35,Ori_Recording_35.wav,17,1020.0,1080.0,0,0.0,1799.45
35,Ori_Recording_35.wav,18,1080.0,1140.0,0,0.0,1799.45
35,Ori_Recording_35.wav,19,1140.0,1200.0,0,0.0,1799.45
35,Ori_Recording_35.wav,20,1200.0,1260.0,0,0.0,1799.45
35,Ori_Recording_35.wav,21,1260.0,1320.0,0,0.0,1799.45
35,Ori_Recording_35.wav,22,1320.0,1380.0,0,0.0,1799.45
35,Ori_Recording_35.wav,23,1380.0,1440.0,0,0.0,1799.45
35,Ori_Recording_35.wav,24,1440.0,1500.0,1,2.7901,1799.45
35,Ori_Recording_35.wav,25,1500.0,1560.0,1,1.2384,1799.45
35,Ori_Recording_35.wav,26,1560.0,1620.0,0,0.0,1799.45
35,Ori_Recording_35.wav,27,1620.0,1680.0,0,0.0,1799.45
35,Ori_Recording_35.wav,28,1680.0,1740.0,0,0.0,1799.45
