file_num,audio_path,bag_idx,bag_start_sec,bag_end_sec,bag_label,total_train_duration_sec,bag_duration_sec,signal_ratio,noise_ratio
1,D:\Project_Github\audio_click_mil\data\original_audio\Ori_Recording_01.wav,4,240.0,300.0,1,1.0277,60.0,0.017128333333333336,0.9828716666666667
1,D:\Project_Github\audio_click_mil\data\original_audio\Ori_Recording_01.wav,6,360.0,420.0,1,0.4615,60.0,0.007691666666666667,0.9923083333333333
1,D:\Project_Github\audio_click_mil\data\original_audio\Ori_Recording_01.wav,14,840.0,900.0,1,0.154,60.0,0.0025666666666666667,0.9974333333333333
1,D:\Project_Github\audio_click_mil\data\original_audio\Ori_Recording_01.wav,16,960.0,1020.0,1,2.969,60.0,0.04948333333333333,0.9505166666666667
1,D:\Project_Github\audio_click_mil\data\original_audio\Ori_Recording_01.wav,25,1500.0,1560.0,1,0.1492,60.0,0.0024866666666666665,0.9975133333333334
1,D:\Project_Github\audio_click_mil\data\original_audio\Ori_Recording_01.wav,27,1620.0,1680.0,1,0.0559,60.0,0.0009316666666666667,0.9990683333333333
1,D:\Project_Github\audio_click_mil\data\original_audio\Ori_Recording_01.wav,29,1740.0,1799.4405277777778,1,5.8609,59.4405,0.09860112213053389,0.9013988778694662
2,D:\Project_Github\audio_click_mil\data\original_audio\Ori_Recording_02.wav,0,0.0,60.0,1,17.47,60.0,0.29116666666666663,0.7088333333333334
2,D:\Project_Github\audio_click_mil\data\original_audio\Ori_Recording_02.wav,1,60.0,120.0,1,4.9026,60.0,0.08170999999999999,0.91829
2,D:\Project_Github\audio_click_mil\data\original_audio\Ori_Recording_02.wav,2,120.0,180.0,1,6.5035,60.0,0.10839166666666666,0.8916083333333333
2,D:\Project_Github\audio_click_mil\data\original_audio\Ori_Recording_02.wav,9,540.0,600.0,1,4.3813,60.0,0.07302166666666668,0.9269783333333333
2,D:\Project_Github\audio_click_mil\data\original_audio\Ori_Recording_02.wav,10,600.0,660.0,1,7.1381,60.0,0.11896833333333333,0.8810316666666667
2,D:\Project_Github\audio_click_mil\data\original_audio\Ori_Recording_02.wav,11,660.0,720.0,1,6.2344,60.0,0.10390666666666666,0.8960933333333333
2,D:\Project_Github\audio_click_mil\data\original_audio\Ori_Recording_02.wav,12,720.0,780.0,1,3.7521,60.0,0.062535,0.937465
2,D:\Project_Github\audio_click_mil\data\original_audio\Ori_Recording_02.wav,13,780.0,840.0,1,10.0687,60.0,0.16781166666666666,0.8321883333333333
2,D:\Project_Github\audio_click_mil\data\original_audio\Ori_Recording_02.wav,14,840.0,900.0,1,20.8368,60.0,0.34728,0.65272
2,D:\Project_Github\audio_click_mil\data\original_audio\Ori_Recording_02.wav,15,900.0,960.0,1,1.4195,60.0,0.023658333333333333,0.9763416666666667
2,D:\Project_Github\audio_click_mil\data\original_audio\Ori_Recording_02.wav,16,960.0,1020.0,1,4.5702,60.0,0.07617,0.92383
2,D:\Project_Github\audio_click_mil\data\original_audio\Ori_Recording_02.wav,17,1020.0,1080.0,1,4.0639,60.0,0.06773166666666668,0.9322683333333334
2,D:\Project_Github\audio_click_mil\data\original_audio\Ori_Recording_02.wav,18,1080.0,1140.0,1,7.2342,60.0,0.12057000000000001,0.8794299999999999
2,D:\Project_Github\audio_click_mil\data\original_audio\Ori_Recording_02.wav,19,1140.0,1200.0,1,1.9436,60.0,0.032393333333333336,0.9676066666666666
2,D:\Project_Github\audio_click_mil\data\original_audio\Ori_Recording_02.wav,20,1200.0,1260.0,1,1.0407,60.0,0.017345,0.9826550000000001
2,D:\Project_Github\audio_click_mil\data\original_audio\Ori_Recording_02.wav,23,1380.0,1440.0,1,16.973,60.0,0.2828833333333333,0.7171166666666666
2,D:\Project_Github\audio_click_mil\data\original_audio\Ori_Recording_02.wav,24,1440.0,1500.0,1,3.0358,60.0,0.050596666666666665,0.9494033333333334
2,D:\Project_Github\audio_click_mil\data\original_audio\Ori_Recording_02.wav,25,1500.0,1560.0,1,8.3193,60.0,0.138655,0.861345
2,D:\Project_Github\audio_click_mil\data\original_audio\Ori_Recording_02.wav,26,1560.0,1620.0,1,2.2005,60.0,0.036675,0.963325
2,D:\Project_Github\audio_click_mil\data\original_audio\Ori_Recording_02.wav,27,1620.0,1680.0,1,3.8047,60.0,0.06341166666666667,0.9365883333333334
2,D:\Project_Github\audio_click_mil\data\original_audio\Ori_Recording_02.wav,28,1680.0,1740.0,1,1.0898,60.0,0.018163333333333333,0.9818366666666667
3,D:\Project_Github\audio_click_mil\data\original_audio\Ori_Recording_03.wav,14,840.0,900.0,1,3.1709,60.0,0.05284833333333334,0.9471516666666666
3,D:\Project_Github\audio_click_mil\data\original_audio\Ori_Recording_03.wav,15,900.0,960.0,1,1.8798,60.0,0.03133,0.96867
3,D:\Project_Github\audio_click_mil\data\original_audio\Ori_Recording_03.wav,16,960.0,1020.0,1,1.5804,60.0,0.02634,0.97366
3,D:\Project_Github\audio_click_mil\data\original_audio\Ori_Recording_03.wav,17,1020.0,1080.0,1,0.4888,60.0,0.008146666666666667,0.9918533333333334
3,D:\Project_Github\audio_click_mil\data\original_audio\Ori_Recording_03.wav,20,1200.0,1260.0,1,2.0266,60.0,0.03377666666666667,0.9662233333333333
4,D:\Project_Github\audio_click_mil\data\original_audio\Ori_Recording_04.wav,1,60.0,120.0,1,3.4485,60.0,0.057475000000000005,0.942525
4,D:\Project_Github\audio_click_mil\data\original_audio\Ori_Recording_04.wav,13,780.0,840.0,1,0.228,60.0,0.0038,0.9962
4,D:\Project_Github\audio_click_mil\data\original_audio\Ori_Recording_04.wav,25,1500.0,1560.0,1,2.0303,60.0,0.03383833333333333,0.9661616666666667
4,D:\Project_Github\audio_click_mil\data\original_audio\Ori_Recording_04.wav,26,1560.0,1620.0,1,0.072,60.0,0.0012,0.9988
4,D:\Project_Github\audio_click_mil\data\original_audio\Ori_Recording_04.wav,27,1620.0,1680.0,1,2.8718,60.0,0.047863333333333334,0.9521366666666666
4,D:\Project_Github\audio_click_mil\data\original_audio\Ori_Recording_04.wav,28,1680.0,1740.0,1,1.1535,60.0,0.019225,0.980775
5,D:\Project_Github\audio_click_mil\data\original_audio\Ori_Recording_05.wav,2,120.0,180.0,1,0.4521,60.0,0.007535,0.992465
5,D:\Project_Github\audio_click_mil\data\original_audio\Ori_Recording_05.wav,3,180.0,240.0,1,1.0371,60.0,0.017285,0.982715
5,D:\Project_Github\audio_click_mil\data\original_audio\Ori_Recording_05.wav,5,300.0,360.0,1,0.3421,60.0,0.0057016666666666665,0.9942983333333333
5,D:\Project_Github\audio_click_mil\data\original_audio\Ori_Recording_05.wav,11,660.0,720.0,1,1.1599,60.0,0.019331666666666667,0.9806683333333334
5,D:\Project_Github\audio_click_mil\data\original_audio\Ori_Recording_05.wav,12,720.0,780.0,1,0.8662,60.0,0.014436666666666665,0.9855633333333333
5,D:\Project_Github\audio_click_mil\data\original_audio\Ori_Recording_05.wav,13,780.0,840.0,1,1.2888,60.0,0.02148,0.9785200000000001
5,D:\Project_Github\audio_click_mil\data\original_audio\Ori_Recording_05.wav,18,1080.0,1140.0,1,3.6265,60.0,0.060441666666666664,0.9395583333333334
5,D:\Project_Github\audio_click_mil\data\original_audio\Ori_Recording_05.wav,21,1260.0,1320.0,1,0.0495,60.0,0.000825,0.999175
5,D:\Project_Github\audio_click_mil\data\original_audio\Ori_Recording_05.wav,22,1320.0,1380.0,1,0.0803,60.0,0.0013383333333333333,0.9986616666666667
5,D:\Project_Github\audio_click_mil\data\original_audio\Ori_Recording_05.wav,28,1680.0,1740.0,1,1.4909,60.0,0.02484833333333333,0.9751516666666666
5,D:\Project_Github\audio_click_mil\data\original_audio\Ori_Recording_05.wav,29,1740.0,1799.9461666666666,1,3.0711,59.9462,0.051230937073575976,0.948769062926424
6,D:\Project_Github\audio_click_mil\data\original_audio\Ori_Recording_06.wav,14,840.0,900.0,1,7.3539,60.0,0.12256500000000001,0.877435
6,D:\Project_Github\audio_click_mil\data\original_audio\Ori_Recording_06.wav,15,900.0,960.0,1,9.5621,60.0,0.1593683333333333,0.8406316666666667
6,D:\Project_Github\audio_click_mil\data\original_audio\Ori_Recording_06.wav,16,960.0,1020.0,1,0.5537,60.0,0.009228333333333333,0.9907716666666667
6,D:\Project_Github\audio_click_mil\data\original_audio\Ori_Recording_06.wav,17,1020.0,1080.0,1,10.3996,60.0,0.17332666666666666,0.8266733333333334
6,D:\Project_Github\audio_click_mil\data\original_audio\Ori_Recording_06.wav,18,1080.0,1140.0,1,4.2107,60.0,0.07017833333333333,0.9298216666666667
6,D:\Project_Github\audio_click_mil\data\original_audio\Ori_Recording_06.wav,19,1140.0,1200.0,1,4.7244,60.0,0.07874,0.92126
6,D:\Project_Github\audio_click_mil\data\original_audio\Ori_Recording_06.wav,20,1200.0,1260.0,1,2.7049,60.0,0.045081666666666666,0.9549183333333333
6,D:\Project_Github\audio_click_mil\data\original_audio\Ori_Recording_06.wav,21,1260.0,1320.0,1,8.0135,60.0,0.13355833333333333,0.8664416666666667
6,D:\Project_Github\audio_click_mil\data\original_audio\Ori_Recording_06.wav,22,1320.0,1380.0,1,7.1829,60.0,0.119715,0.880285
6,D:\Project_Github\audio_click_mil\data\original_audio\Ori_Recording_06.wav,23,1380.0,1440.0,1,3.9474,60.0,0.06579,0.93421
6,D:\Project_Github\audio_click_mil\data\original_audio\Ori_Recording_06.wav,24,1440.0,1500.0,1,7.7156,60.0,0.12859333333333334,0.8714066666666667
6,D:\Project_Github\audio_click_mil\data\original_audio\Ori_Recording_06.wav,25,1500.0,1560.0,1,9.0687,60.0,0.151145,0.848855
6,D:\Project_Github\audio_click_mil\data\original_audio\Ori_Recording_06.wav,26,1560.0,1620.0,1,1.1559,60.0,0.019264999999999997,0.980735
6,D:\Project_Github\audio_click_mil\data\original_audio\Ori_Recording_06.wav,27,1620.0,1680.0,1,0.1345,60.0,0.002241666666666667,0.9977583333333333
6,D:\Project_Github\audio_click_mil\data\original_audio\Ori_Recording_06.wav,28,1680.0,1740.0,1,0.1422,60.0,0.0023699999999999997,0.99763
6,D:\Project_Github\audio_click_mil\data\original_audio\Ori_Recording_06.wav,29,1740.0,1799.859138888889,1,4.2661,59.8591,0.07126903010569821,0.9287309698943018
7,D:\Project_Github\audio_click_mil\data\original_audio\Ori_Recording_07.wav,0,0.0,60.0,1,3.91,60.0,0.06516666666666666,0.9348333333333333
7,D:\Project_Github\audio_click_mil\data\original_audio\Ori_Recording_07.wav,1,60.0,120.0,1,4.8757,60.0,0.08126166666666666,0.9187383333333333
7,D:\Project_Github\audio_click_mil\data\original_audio\Ori_Recording_07.wav,2,120.0,180.0,1,2.5143,60.0,0.041905,0.958095
7,D:\Project_Github\audio_click_mil\data\original_audio\Ori_Recording_07.wav,18,1080.0,1140.0,1,1.7737,60.0,0.029561666666666667,0.9704383333333333
7,D:\Project_Github\audio_click_mil\data\original_audio\Ori_Recording_07.wav,19,1140.0,1200.0,1,3.9302,60.0,0.06550333333333333,0.9344966666666666
7,D:\Project_Github\audio_click_mil\data\original_audio\Ori_Recording_07.wav,25,1500.0,1560.0,1,1.4685,60.0,0.024475,0.975525
8,D:\Project_Github\audio_click_mil\data\original_audio\Ori_Recording_08.wav,14,840.0,900.0,1,6.7981,60.0,0.11330166666666666,0.8866983333333334
8,D:\Project_Github\audio_click_mil\data\original_audio\Ori_Recording_08.wav,15,900.0,960.0,1,4.7652,60.0,0.07942,0.92058
8,D:\Project_Github\audio_click_mil\data\original_audio\Ori_Recording_08.wav,17,1020.0,1080.0,1,0.8655,60.0,0.014425,0.985575
8,D:\Project_Github\audio_click_mil\data\original_audio\Ori_Recording_08.wav,18,1080.0,1140.0,1,8.175,60.0,0.13625,0.86375
8,D:\Project_Github\audio_click_mil\data\original_audio\Ori_Recording_08.wav,19,1140.0,1200.0,1,2.0391,60.0,0.033985,0.966015
8,D:\Project_Github\audio_click_mil\data\original_audio\Ori_Recording_08.wav,21,1260.0,1320.0,1,0.338,60.0,0.005633333333333334,0.9943666666666666
8,D:\Project_Github\audio_click_mil\data\original_audio\Ori_Recording_08.wav,22,1320.0,1380.0,1,12.4647,60.0,0.207745,0.7922549999999999
8,D:\Project_Github\audio_click_mil\data\original_audio\Ori_Recording_08.wav,23,1380.0,1440.0,1,12.292,60.0,0.20486666666666667,0.7951333333333334
8,D:\Project_Github\audio_click_mil\data\original_audio\Ori_Recording_08.wav,24,1440.0,1500.0,1,8.0887,60.0,0.13481166666666666,0.8651883333333333
8,D:\Project_Github\audio_click_mil\data\original_audio\Ori_Recording_08.wav,26,1560.0,1620.0,1,4.9654,60.0,0.08275666666666666,0.9172433333333333
8,D:\Project_Github\audio_click_mil\data\original_audio\Ori_Recording_08.wav,27,1620.0,1680.0,1,5.6602,60.0,0.09433666666666667,0.9056633333333334
8,D:\Project_Github\audio_click_mil\data\original_audio\Ori_Recording_08.wav,28,1680.0,1740.0,1,1.6053,60.0,0.026754999999999998,0.973245
9,D:\Project_Github\audio_click_mil\data\original_audio\Ori_Recording_09.wav,0,0.0,60.0,1,0.508,60.0,0.008466666666666667,0.9915333333333334
9,D:\Project_Github\audio_click_mil\data\original_audio\Ori_Recording_09.wav,4,240.0,300.0,1,0.532,60.0,0.008866666666666667,0.9911333333333333
9,D:\Project_Github\audio_click_mil\data\original_audio\Ori_Recording_09.wav,9,540.0,600.0,1,1.0109,60.0,0.016848333333333333,0.9831516666666666
9,D:\Project_Github\audio_click_mil\data\original_audio\Ori_Recording_09.wav,10,600.0,660.0,1,2.0374,60.0,0.03395666666666666,0.9660433333333334
9,D:\Project_Github\audio_click_mil\data\original_audio\Ori_Recording_09.wav,11,660.0,720.0,1,0.5779,60.0,0.009631666666666667,0.9903683333333333
9,D:\Project_Github\audio_click_mil\data\original_audio\Ori_Recording_09.wav,12,720.0,780.0,1,0.3879,60.0,0.006465,0.993535
9,D:\Project_Github\audio_click_mil\data\original_audio\Ori_Recording_09.wav,15,900.0,960.0,1,4.6258,60.0,0.07709666666666666,0.9229033333333333
9,D:\Project_Github\audio_click_mil\data\original_audio\Ori_Recording_09.wav,16,960.0,1020.0,1,0.7254,60.0,0.01209,0.98791
9,D:\Project_Github\audio_click_mil\data\original_audio\Ori_Recording_09.wav,17,1020.0,1080.0,1,1.9363,60.0,0.032271666666666664,0.9677283333333333
9,D:\Project_Github\audio_click_mil\data\original_audio\Ori_Recording_09.wav,18,1080.0,1140.0,1,0.6711,60.0,0.011185,0.988815
9,D:\Project_Github\audio_click_mil\data\original_audio\Ori_Recording_09.wav,20,1200.0,1260.0,1,1.5165,60.0,0.025275,0.974725
9,D:\Project_Github\audio_click_mil\data\original_audio\Ori_Recording_09.wav,21,1260.0,1320.0,1,2.5189,60.0,0.04198166666666667,0.9580183333333333
9,D:\Project_Github\audio_click_mil\data\original_audio\Ori_Recording_09.wav,22,1320.0,1380.0,1,1.2834,60.0,0.021390000000000003,0.97861
9,D:\Project_Github\audio_click_mil\data\original_audio\Ori_Recording_09.wav,23,1380.0,1440.0,1,2.0165,60.0,0.03360833333333334,0.9663916666666666
9,D:\Project_Github\audio_click_mil\data\original_audio\Ori_Recording_09.wav,24,1440.0,1500.0,1,3.7348,60.0,0.062246666666666665,0.9377533333333333
9,D:\Project_Github\audio_click_mil\data\original_audio\Ori_Recording_09.wav,25,1500.0,1560.0,1,1.0967,60.0,0.018278333333333334,0.9817216666666667
9,D:\Project_Github\audio_click_mil\data\original_audio\Ori_Recording_09.wav,26,1560.0,1620.0,1,1.2847,60.0,0.021411666666666666,0.9785883333333333
9,D:\Project_Github\audio_click_mil\data\original_audio\Ori_Recording_09.wav,27,1620.0,1680.0,1,2.4475,60.0,0.040791666666666664,0.9592083333333333
9,D:\Project_Github\audio_click_mil\data\original_audio\Ori_Recording_09.wav,28,1680.0,1740.0,1,0.605,60.0,0.010083333333333333,0.9899166666666667
10,D:\Project_Github\audio_click_mil\data\original_audio\Ori_Recording_10.wav,1,60.0,120.0,1,12.7166,60.0,0.21194333333333332,0.7880566666666666
10,D:\Project_Github\audio_click_mil\data\original_audio\Ori_Recording_10.wav,2,120.0,180.0,1,0.6118,60.0,0.010196666666666666,0.9898033333333334
10,D:\Project_Github\audio_click_mil\data\original_audio\Ori_Recording_10.wav,3,180.0,240.0,1,5.4569,60.0,0.09094833333333334,0.9090516666666667
10,D:\Project_Github\audio_click_mil\data\original_audio\Ori_Recording_10.wav,4,240.0,300.0,1,7.0936,60.0,0.11822666666666667,0.8817733333333333
10,D:\Project_Github\audio_click_mil\data\original_audio\Ori_Recording_10.wav,5,300.0,360.0,1,11.5729,60.0,0.19288166666666667,0.8071183333333334
10,D:\Project_Github\audio_click_mil\data\original_audio\Ori_Recording_10.wav,6,360.0,420.0,1,2.8375,60.0,0.04729166666666666,0.9527083333333334
10,D:\Project_Github\audio_click_mil\data\original_audio\Ori_Recording_10.wav,7,420.0,480.0,1,4.2389,60.0,0.07064833333333334,0.9293516666666667
10,D:\Project_Github\audio_click_mil\data\original_audio\Ori_Recording_10.wav,8,480.0,540.0,1,4.9732,60.0,0.08288666666666668,0.9171133333333333
10,D:\Project_Github\audio_click_mil\data\original_audio\Ori_Recording_10.wav,9,540.0,600.0,1,0.4755,60.0,0.007925,0.992075
10,D:\Project_Github\audio_click_mil\data\original_audio\Ori_Recording_10.wav,10,600.0,660.0,1,3.1213,60.0,0.05202166666666667,0.9479783333333334
10,D:\Project_Github\audio_click_mil\data\original_audio\Ori_Recording_10.wav,11,660.0,720.0,1,13.5247,60.0,0.22541166666666665,0.7745883333333333
10,D:\Project_Github\audio_click_mil\data\original_audio\Ori_Recording_10.wav,12,720.0,780.0,1,16.3765,60.0,0.2729416666666667,0.7270583333333334
10,D:\Project_Github\audio_click_mil\data\original_audio\Ori_Recording_10.wav,13,780.0,840.0,1,11.3211,60.0,0.188685,0.811315
10,D:\Project_Github\audio_click_mil\data\original_audio\Ori_Recording_10.wav,14,840.0,900.0,1,21.8623,60.0,0.3643716666666667,0.6356283333333332
10,D:\Project_Github\audio_click_mil\data\original_audio\Ori_Recording_10.wav,15,900.0,960.0,1,2.3799,60.0,0.039665,0.960335
10,D:\Project_Github\audio_click_mil\data\original_audio\Ori_Recording_10.wav,16,960.0,1020.0,1,15.5643,60.0,0.259405,0.740595
10,D:\Project_Github\audio_click_mil\data\original_audio\Ori_Recording_10.wav,18,1080.0,1140.0,1,1.1784,60.0,0.019639999999999998,0.98036
10,D:\Project_Github\audio_click_mil\data\original_audio\Ori_Recording_10.wav,20,1200.0,1260.0,1,0.477,60.0,0.00795,0.99205
10,D:\Project_Github\audio_click_mil\data\original_audio\Ori_Recording_10.wav,21,1260.0,1320.0,1,2.0448,60.0,0.03408,0.96592
11,D:\Project_Github\audio_click_mil\data\original_audio\Ori_Recording_11.wav,2,120.0,180.0,1,0.6306,60.0,0.01051,0.98949
11,D:\Project_Github\audio_click_mil\data\original_audio\Ori_Recording_11.wav,5,300.0,360.0,1,6.2685,60.0,0.10447500000000001,0.895525
11,D:\Project_Github\audio_click_mil\data\original_audio\Ori_Recording_11.wav,9,540.0,600.0,1,9.1765,60.0,0.15294166666666667,0.8470583333333334
11,D:\Project_Github\audio_click_mil\data\original_audio\Ori_Recording_11.wav,10,600.0,660.0,1,8.0949,60.0,0.134915,0.865085
13,D:\Project_Github\audio_click_mil\data\original_audio\Ori_Recording_13.wav,0,0.0,60.0,1,1.3126,60.0,0.021876666666666666,0.9781233333333333
13,D:\Project_Github\audio_click_mil\data\original_audio\Ori_Recording_13.wav,1,60.0,120.0,1,0.067,60.0,0.0011166666666666666,0.9988833333333333
13,D:\Project_Github\audio_click_mil\data\original_audio\Ori_Recording_13.wav,2,120.0,180.0,1,2.8478,60.0,0.04746333333333333,0.9525366666666667
13,D:\Project_Github\audio_click_mil\data\original_audio\Ori_Recording_13.wav,3,180.0,240.0,1,1.6062,60.0,0.026770000000000002,0.97323
13,D:\Project_Github\audio_click_mil\data\original_audio\Ori_Recording_13.wav,4,240.0,300.0,1,4.2593,60.0,0.07098833333333333,0.9290116666666667
13,D:\Project_Github\audio_click_mil\data\original_audio\Ori_Recording_13.wav,6,360.0,420.0,1,0.9445,60.0,0.015741666666666668,0.9842583333333333
13,D:\Project_Github\audio_click_mil\data\original_audio\Ori_Recording_13.wav,7,420.0,480.0,1,3.7889,60.0,0.06314833333333333,0.9368516666666666
13,D:\Project_Github\audio_click_mil\data\original_audio\Ori_Recording_13.wav,8,480.0,540.0,1,1.2687,60.0,0.021145,0.978855
14,D:\Project_Github\audio_click_mil\data\original_audio\Ori_Recording_14.wav,2,120.0,180.0,1,0.7114,60.0,0.011856666666666666,0.9881433333333334
14,D:\Project_Github\audio_click_mil\data\original_audio\Ori_Recording_14.wav,3,180.0,240.0,1,4.4589,60.0,0.07431499999999999,0.925685
14,D:\Project_Github\audio_click_mil\data\original_audio\Ori_Recording_14.wav,4,240.0,300.0,1,5.2671,60.0,0.087785,0.912215
14,D:\Project_Github\audio_click_mil\data\original_audio\Ori_Recording_14.wav,5,300.0,360.0,1,3.4673,60.0,0.05778833333333333,0.9422116666666667
14,D:\Project_Github\audio_click_mil\data\original_audio\Ori_Recording_14.wav,6,360.0,420.0,1,8.7682,60.0,0.14613666666666666,0.8538633333333333
14,D:\Project_Github\audio_click_mil\data\original_audio\Ori_Recording_14.wav,7,420.0,480.0,1,1.6907,60.0,0.028178333333333336,0.9718216666666667
14,D:\Project_Github\audio_click_mil\data\original_audio\Ori_Recording_14.wav,9,540.0,600.0,1,3.1523,60.0,0.05253833333333333,0.9474616666666666
14,D:\Project_Github\audio_click_mil\data\original_audio\Ori_Recording_14.wav,10,600.0,660.0,1,18.2177,60.0,0.30362833333333333,0.6963716666666666
14,D:\Project_Github\audio_click_mil\data\original_audio\Ori_Recording_14.wav,11,660.0,720.0,1,9.9174,60.0,0.16529000000000002,0.83471
14,D:\Project_Github\audio_click_mil\data\original_audio\Ori_Recording_14.wav,12,720.0,780.0,1,0.6877,60.0,0.011461666666666667,0.9885383333333333
14,D:\Project_Github\audio_click_mil\data\original_audio\Ori_Recording_14.wav,24,1440.0,1500.0,1,2.6305,60.0,0.04384166666666667,0.9561583333333333
14,D:\Project_Github\audio_click_mil\data\original_audio\Ori_Recording_14.wav,25,1500.0,1560.0,1,21.7944,60.0,0.36324,0.63676
14,D:\Project_Github\audio_click_mil\data\original_audio\Ori_Recording_14.wav,26,1560.0,1620.0,1,6.0934,60.0,0.10155666666666667,0.8984433333333334
15,D:\Project_Github\audio_click_mil\data\original_audio\Ori_Recording_15.wav,2,120.0,180.0,1,3.0163,60.0,0.05027166666666667,0.9497283333333333
15,D:\Project_Github\audio_click_mil\data\original_audio\Ori_Recording_15.wav,15,900.0,960.0,1,2.855,60.0,0.04758333333333333,0.9524166666666667
15,D:\Project_Github\audio_click_mil\data\original_audio\Ori_Recording_15.wav,16,960.0,1020.0,1,3.385,60.0,0.056416666666666664,0.9435833333333333
16,D:\Project_Github\audio_click_mil\data\original_audio\Ori_Recording_16.wav,9,540.0,600.0,1,0.256,60.0,0.004266666666666667,0.9957333333333334
16,D:\Project_Github\audio_click_mil\data\original_audio\Ori_Recording_16.wav,19,1140.0,1200.0,1,0.7347,60.0,0.012245,0.987755
16,D:\Project_Github\audio_click_mil\data\original_audio\Ori_Recording_16.wav,22,1320.0,1380.0,1,4.8166,60.0,0.08027666666666668,0.9197233333333333
16,D:\Project_Github\audio_click_mil\data\original_audio\Ori_Recording_16.wav,23,1380.0,1440.0,1,9.4709,60.0,0.15784833333333334,0.8421516666666666
16,D:\Project_Github\audio_click_mil\data\original_audio\Ori_Recording_16.wav,24,1440.0,1500.0,1,5.1587,60.0,0.08597833333333332,0.9140216666666667
16,D:\Project_Github\audio_click_mil\data\original_audio\Ori_Recording_16.wav,25,1500.0,1560.0,1,2.2021,60.0,0.03670166666666667,0.9632983333333334
16,D:\Project_Github\audio_click_mil\data\original_audio\Ori_Recording_16.wav,26,1560.0,1620.0,1,0.1891,60.0,0.0031516666666666663,0.9968483333333333
17,D:\Project_Github\audio_click_mil\data\original_audio\Ori_Recording_17.wav,0,0.0,60.0,1,3.2927,60.0,0.054878333333333335,0.9451216666666666
17,D:\Project_Github\audio_click_mil\data\original_audio\Ori_Recording_17.wav,1,60.0,120.0,1,0.8689,60.0,0.014481666666666667,0.9855183333333334
17,D:\Project_Github\audio_click_mil\data\original_audio\Ori_Recording_17.wav,3,180.0,240.0,1,2.3305,60.0,0.03884166666666666,0.9611583333333333
17,D:\Project_Github\audio_click_mil\data\original_audio\Ori_Recording_17.wav,7,420.0,480.0,1,3.1048,60.0,0.05174666666666667,0.9482533333333333
17,D:\Project_Github\audio_click_mil\data\original_audio\Ori_Recording_17.wav,8,480.0,540.0,1,2.8125,60.0,0.046875,0.953125
17,D:\Project_Github\audio_click_mil\data\original_audio\Ori_Recording_17.wav,9,540.0,600.0,1,3.2326,60.0,0.05387666666666667,0.9461233333333333
17,D:\Project_Github\audio_click_mil\data\original_audio\Ori_Recording_17.wav,10,600.0,660.0,1,1.2355,60.0,0.020591666666666668,0.9794083333333333
17,D:\Project_Github\audio_click_mil\data\original_audio\Ori_Recording_17.wav,11,660.0,720.0,1,2.5215,60.0,0.042025,0.957975
17,D:\Project_Github\audio_click_mil\data\original_audio\Ori_Recording_17.wav,13,780.0,840.0,1,0.3465,60.0,0.005775,0.994225
17,D:\Project_Github\audio_click_mil\data\original_audio\Ori_Recording_17.wav,19,1140.0,1200.0,1,4.2245,60.0,0.07040833333333334,0.9295916666666667
17,D:\Project_Github\audio_click_mil\data\original_audio\Ori_Recording_17.wav,20,1200.0,1260.0,1,1.5707,60.0,0.026178333333333335,0.9738216666666667
17,D:\Project_Github\audio_click_mil\data\original_audio\Ori_Recording_17.wav,21,1260.0,1320.0,1,0.5551,60.0,0.009251666666666667,0.9907483333333333
17,D:\Project_Github\audio_click_mil\data\original_audio\Ori_Recording_17.wav,26,1560.0,1620.0,1,6.3779,60.0,0.10629833333333334,0.8937016666666666
17,D:\Project_Github\audio_click_mil\data\original_audio\Ori_Recording_17.wav,27,1620.0,1680.0,1,0.4472,60.0,0.0074533333333333335,0.9925466666666667
17,D:\Project_Github\audio_click_mil\data\original_audio\Ori_Recording_17.wav,29,1740.0,1799.9594722222223,1,5.7335,59.9595,0.09562287877650748,0.9043771212234926
18,D:\Project_Github\audio_click_mil\data\original_audio\Ori_Recording_18.wav,1,60.0,120.0,1,2.2757,60.0,0.037928333333333335,0.9620716666666667
18,D:\Project_Github\audio_click_mil\data\original_audio\Ori_Recording_18.wav,4,240.0,300.0,1,0.9494,60.0,0.015823333333333335,0.9841766666666667
18,D:\Project_Github\audio_click_mil\data\original_audio\Ori_Recording_18.wav,5,300.0,360.0,1,0.6308,60.0,0.010513333333333335,0.9894866666666666
18,D:\Project_Github\audio_click_mil\data\original_audio\Ori_Recording_18.wav,6,360.0,420.0,1,1.1369,60.0,0.018948333333333334,0.9810516666666667
19,D:\Project_Github\audio_click_mil\data\original_audio\Ori_Recording_19.wav,0,0.0,60.0,1,1.0101,60.0,0.016835,0.983165
19,D:\Project_Github\audio_click_mil\data\original_audio\Ori_Recording_19.wav,1,60.0,120.0,1,4.1335,60.0,0.06889166666666666,0.9311083333333333
19,D:\Project_Github\audio_click_mil\data\original_audio\Ori_Recording_19.wav,7,420.0,480.0,1,0.0654,60.0,0.00109,0.99891
19,D:\Project_Github\audio_click_mil\data\original_audio\Ori_Recording_19.wav,8,480.0,540.0,1,0.2985,60.0,0.004974999999999999,0.995025
19,D:\Project_Github\audio_click_mil\data\original_audio\Ori_Recording_19.wav,10,600.0,660.0,1,0.9437,60.0,0.015728333333333334,0.9842716666666667
19,D:\Project_Github\audio_click_mil\data\original_audio\Ori_Recording_19.wav,20,1200.0,1260.0,1,0.0636,60.0,0.00106,0.99894
19,D:\Project_Github\audio_click_mil\data\original_audio\Ori_Recording_19.wav,21,1260.0,1320.0,1,1.5245,60.0,0.02540833333333333,0.9745916666666666
19,D:\Project_Github\audio_click_mil\data\original_audio\Ori_Recording_19.wav,22,1320.0,1380.0,1,1.7249,60.0,0.028748333333333334,0.9712516666666666
20,D:\Project_Github\audio_click_mil\data\original_audio\Ori_Recording_20.wav,2,120.0,180.0,1,1.6064,60.0,0.026773333333333333,0.9732266666666667
20,D:\Project_Github\audio_click_mil\data\original_audio\Ori_Recording_20.wav,3,180.0,240.0,1,3.9,60.0,0.065,0.935
20,D:\Project_Github\audio_click_mil\data\original_audio\Ori_Recording_20.wav,9,540.0,600.0,1,1.3984,60.0,0.023306666666666667,0.9766933333333333
20,D:\Project_Github\audio_click_mil\data\original_audio\Ori_Recording_20.wav,15,900.0,960.0,1,2.6439,60.0,0.044065,0.955935
20,D:\Project_Github\audio_click_mil\data\original_audio\Ori_Recording_20.wav,24,1440.0,1500.0,1,0.5914,60.0,0.009856666666666668,0.9901433333333334
21,D:\Project_Github\audio_click_mil\data\original_audio\Ori_Recording_21.wav,5,300.0,360.0,1,2.6335,60.0,0.04389166666666667,0.9561083333333333
21,D:\Project_Github\audio_click_mil\data\original_audio\Ori_Recording_21.wav,6,360.0,420.0,1,1.533,60.0,0.02555,0.97445
21,D:\Project_Github\audio_click_mil\data\original_audio\Ori_Recording_21.wav,10,600.0,660.0,1,1.1147,60.0,0.018578333333333332,0.9814216666666666
21,D:\Project_Github\audio_click_mil\data\original_audio\Ori_Recording_21.wav,11,660.0,720.0,1,8.7955,60.0,0.14659166666666668,0.8534083333333333
21,D:\Project_Github\audio_click_mil\data\original_audio\Ori_Recording_21.wav,12,720.0,780.0,1,1.9868,60.0,0.033113333333333335,0.9668866666666667
21,D:\Project_Github\audio_click_mil\data\original_audio\Ori_Recording_21.wav,13,780.0,840.0,1,11.1666,60.0,0.18611000000000003,0.81389
21,D:\Project_Github\audio_click_mil\data\original_audio\Ori_Recording_21.wav,14,840.0,900.0,1,0.9543,60.0,0.015905,0.984095
21,D:\Project_Github\audio_click_mil\data\original_audio\Ori_Recording_21.wav,16,960.0,1020.0,1,2.4135,60.0,0.040225,0.959775
21,D:\Project_Github\audio_click_mil\data\original_audio\Ori_Recording_21.wav,17,1020.0,1080.0,1,3.0843,60.0,0.051405,0.948595
21,D:\Project_Github\audio_click_mil\data\original_audio\Ori_Recording_21.wav,20,1200.0,1260.0,1,0.5419,60.0,0.009031666666666667,0.9909683333333333
21,D:\Project_Github\audio_click_mil\data\original_audio\Ori_Recording_21.wav,21,1260.0,1320.0,1,3.9129,60.0,0.065215,0.934785
21,D:\Project_Github\audio_click_mil\data\original_audio\Ori_Recording_21.wav,22,1320.0,1380.0,1,7.3319,60.0,0.12219833333333334,0.8778016666666667
21,D:\Project_Github\audio_click_mil\data\original_audio\Ori_Recording_21.wav,24,1440.0,1500.0,1,0.7261,60.0,0.012101666666666667,0.9878983333333333
21,D:\Project_Github\audio_click_mil\data\original_audio\Ori_Recording_21.wav,25,1500.0,1560.0,1,3.0817,60.0,0.05136166666666667,0.9486383333333334
21,D:\Project_Github\audio_click_mil\data\original_audio\Ori_Recording_21.wav,26,1560.0,1620.0,1,0.9241,60.0,0.015401666666666668,0.9845983333333334
21,D:\Project_Github\audio_click_mil\data\original_audio\Ori_Recording_21.wav,27,1620.0,1680.0,1,3.1509,60.0,0.052515,0.947485
22,D:\Project_Github\audio_click_mil\data\original_audio\Ori_Recording_22.wav,0,0.0,60.0,1,1.0028,60.0,0.016713333333333334,0.9832866666666666
22,D:\Project_Github\audio_click_mil\data\original_audio\Ori_Recording_22.wav,1,60.0,120.0,1,0.16,60.0,0.0026666666666666666,0.9973333333333333
22,D:\Project_Github\audio_click_mil\data\original_audio\Ori_Recording_22.wav,3,180.0,240.0,1,0.8694,60.0,0.01449,0.98551
22,D:\Project_Github\audio_click_mil\data\original_audio\Ori_Recording_22.wav,7,420.0,480.0,1,4.4877,60.0,0.074795,0.925205
22,D:\Project_Github\audio_click_mil\data\original_audio\Ori_Recording_22.wav,9,540.0,600.0,1,0.2115,60.0,0.003525,0.996475
22,D:\Project_Github\audio_click_mil\data\original_audio\Ori_Recording_22.wav,10,600.0,660.0,1,0.3555,60.0,0.005925,0.994075
22,D:\Project_Github\audio_click_mil\data\original_audio\Ori_Recording_22.wav,11,660.0,720.0,1,0.6638,60.0,0.011063333333333333,0.9889366666666667
22,D:\Project_Github\audio_click_mil\data\original_audio\Ori_Recording_22.wav,12,720.0,780.0,1,0.8488,60.0,0.014146666666666667,0.9858533333333334
22,D:\Project_Github\audio_click_mil\data\original_audio\Ori_Recording_22.wav,13,780.0,840.0,1,2.6972,60.0,0.04495333333333333,0.9550466666666667
22,D:\Project_Github\audio_click_mil\data\original_audio\Ori_Recording_22.wav,14,840.0,900.0,1,0.1259,60.0,0.0020983333333333336,0.9979016666666667
22,D:\Project_Github\audio_click_mil\data\original_audio\Ori_Recording_22.wav,17,1020.0,1080.0,1,1.6778,60.0,0.027963333333333333,0.9720366666666667
22,D:\Project_Github\audio_click_mil\data\original_audio\Ori_Recording_22.wav,18,1080.0,1140.0,1,4.4309,60.0,0.07384833333333334,0.9261516666666667
22,D:\Project_Github\audio_click_mil\data\original_audio\Ori_Recording_22.wav,19,1140.0,1200.0,1,1.6457,60.0,0.027428333333333332,0.9725716666666666
22,D:\Project_Github\audio_click_mil\data\original_audio\Ori_Recording_22.wav,21,1260.0,1320.0,1,0.1963,60.0,0.0032716666666666666,0.9967283333333333
22,D:\Project_Github\audio_click_mil\data\original_audio\Ori_Recording_22.wav,26,1560.0,1620.0,1,1.2269,60.0,0.020448333333333336,0.9795516666666667
22,D:\Project_Github\audio_click_mil\data\original_audio\Ori_Recording_22.wav,27,1620.0,1680.0,1,1.2259,60.0,0.020431666666666667,0.9795683333333334
22,D:\Project_Github\audio_click_mil\data\original_audio\Ori_Recording_22.wav,28,1680.0,1740.0,1,1.2159,60.0,0.020265,0.979735
22,D:\Project_Github\audio_click_mil\data\original_audio\Ori_Recording_22.wav,29,1740.0,1799.9748055555556,1,1.9876,59.9748,0.03314058571266599,0.966859414287334
23,D:\Project_Github\audio_click_mil\data\original_audio\Ori_Recording_23.wav,0,0.0,60.0,1,9.1746,60.0,0.15291,0.84709
23,D:\Project_Github\audio_click_mil\data\original_audio\Ori_Recording_23.wav,1,60.0,120.0,1,0.5672,60.0,0.009453333333333334,0.9905466666666667
23,D:\Project_Github\audio_click_mil\data\original_audio\Ori_Recording_23.wav,2,120.0,180.0,1,1.525,60.0,0.025416666666666664,0.9745833333333334
23,D:\Project_Github\audio_click_mil\data\original_audio\Ori_Recording_23.wav,4,240.0,300.0,1,0.978,60.0,0.0163,0.9837
23,D:\Project_Github\audio_click_mil\data\original_audio\Ori_Recording_23.wav,6,360.0,420.0,1,0.7505,60.0,0.012508333333333333,0.9874916666666667
23,D:\Project_Github\audio_click_mil\data\original_audio\Ori_Recording_23.wav,7,420.0,480.0,1,0.7145,60.0,0.011908333333333333,0.9880916666666667
23,D:\Project_Github\audio_click_mil\data\original_audio\Ori_Recording_23.wav,27,1620.0,1680.0,1,0.3649,60.0,0.006081666666666667,0.9939183333333333
23,D:\Project_Github\audio_click_mil\data\original_audio\Ori_Recording_23.wav,28,1680.0,1740.0,1,1.032,60.0,0.0172,0.9828
23,D:\Project_Github\audio_click_mil\data\original_audio\Ori_Recording_23.wav,29,1740.0,1799.9608888888888,1,0.494,59.9609,0.008238702220947317,0.9917612977790526
24,D:\Project_Github\audio_click_mil\data\original_audio\Ori_Recording_24.wav,0,0.0,60.0,1,0.5268,60.0,0.008780000000000001,0.99122
24,D:\Project_Github\audio_click_mil\data\original_audio\Ori_Recording_24.wav,2,120.0,180.0,1,1.7626,60.0,0.029376666666666666,0.9706233333333333
24,D:\Project_Github\audio_click_mil\data\original_audio\Ori_Recording_24.wav,3,180.0,240.0,1,0.3129,60.0,0.005215,0.994785
24,D:\Project_Github\audio_click_mil\data\original_audio\Ori_Recording_24.wav,5,300.0,360.0,1,1.3231,60.0,0.022051666666666667,0.9779483333333333
24,D:\Project_Github\audio_click_mil\data\original_audio\Ori_Recording_24.wav,8,480.0,540.0,1,0.8939,60.0,0.014898333333333335,0.9851016666666667
24,D:\Project_Github\audio_click_mil\data\original_audio\Ori_Recording_24.wav,9,540.0,600.0,1,3.0301,60.0,0.05050166666666667,0.9494983333333333
24,D:\Project_Github\audio_click_mil\data\original_audio\Ori_Recording_24.wav,10,600.0,660.0,1,2.6577,60.0,0.044295,0.955705
24,D:\Project_Github\audio_click_mil\data\original_audio\Ori_Recording_24.wav,11,660.0,720.0,1,0.2902,60.0,0.004836666666666667,0.9951633333333333
24,D:\Project_Github\audio_click_mil\data\original_audio\Ori_Recording_24.wav,12,720.0,780.0,1,0.1419,60.0,0.002365,0.997635
24,D:\Project_Github\audio_click_mil\data\original_audio\Ori_Recording_24.wav,20,1200.0,1260.0,1,1.9923,60.0,0.033205,0.966795
24,D:\Project_Github\audio_click_mil\data\original_audio\Ori_Recording_24.wav,21,1260.0,1320.0,1,0.4746,60.0,0.00791,0.99209
24,D:\Project_Github\audio_click_mil\data\original_audio\Ori_Recording_24.wav,22,1320.0,1380.0,1,0.6993,60.0,0.011655,0.988345
24,D:\Project_Github\audio_click_mil\data\original_audio\Ori_Recording_24.wav,26,1560.0,1620.0,1,0.2684,60.0,0.0044733333333333335,0.9955266666666667
25,D:\Project_Github\audio_click_mil\data\original_audio\Ori_Recording_25.wav,1,60.0,120.0,1,0.2651,60.0,0.004418333333333333,0.9955816666666667
25,D:\Project_Github\audio_click_mil\data\original_audio\Ori_Recording_25.wav,6,360.0,420.0,1,2.6909,60.0,0.04484833333333334,0.9551516666666666
25,D:\Project_Github\audio_click_mil\data\original_audio\Ori_Recording_25.wav,7,420.0,480.0,1,1.4123,60.0,0.023538333333333335,0.9764616666666667
25,D:\Project_Github\audio_click_mil\data\original_audio\Ori_Recording_25.wav,8,480.0,540.0,1,1.7695,60.0,0.02949166666666667,0.9705083333333333
25,D:\Project_Github\audio_click_mil\data\original_audio\Ori_Recording_25.wav,9,540.0,600.0,1,1.2485,60.0,0.02080833333333333,0.9791916666666667
25,D:\Project_Github\audio_click_mil\data\original_audio\Ori_Recording_25.wav,10,600.0,660.0,1,0.7625,60.0,0.012708333333333332,0.9872916666666667
25,D:\Project_Github\audio_click_mil\data\original_audio\Ori_Recording_25.wav,14,840.0,900.0,1,1.3585,60.0,0.022641666666666668,0.9773583333333333
25,D:\Project_Github\audio_click_mil\data\original_audio\Ori_Recording_25.wav,18,1080.0,1140.0,1,1.2241,60.0,0.020401666666666665,0.9795983333333333
25,D:\Project_Github\audio_click_mil\data\original_audio\Ori_Recording_25.wav,19,1140.0,1200.0,1,3.1311,60.0,0.052185,0.947815
25,D:\Project_Github\audio_click_mil\data\original_audio\Ori_Recording_25.wav,20,1200.0,1260.0,1,1.6078,60.0,0.026796666666666667,0.9732033333333333
25,D:\Project_Github\audio_click_mil\data\original_audio\Ori_Recording_25.wav,25,1500.0,1560.0,1,0.2629,60.0,0.004381666666666667,0.9956183333333334
26,D:\Project_Github\audio_click_mil\data\original_audio\Ori_Recording_26.wav,5,300.0,360.0,1,0.1867,60.0,0.0031116666666666667,0.9968883333333334
26,D:\Project_Github\audio_click_mil\data\original_audio\Ori_Recording_26.wav,6,360.0,420.0,1,0.106,60.0,0.0017666666666666666,0.9982333333333333
26,D:\Project_Github\audio_click_mil\data\original_audio\Ori_Recording_26.wav,10,600.0,660.0,1,0.2097,60.0,0.003495,0.996505
27,D:\Project_Github\audio_click_mil\data\original_audio\Ori_Recording_27.wav,6,360.0,420.0,1,1.781,60.0,0.029683333333333332,0.9703166666666667
27,D:\Project_Github\audio_click_mil\data\original_audio\Ori_Recording_27.wav,19,1140.0,1200.0,1,1.3674,60.0,0.022789999999999998,0.97721
28,D:\Project_Github\audio_click_mil\data\original_audio\Ori_Recording_28.wav,5,300.0,360.0,1,0.0726,60.0,0.00121,0.99879
28,D:\Project_Github\audio_click_mil\data\original_audio\Ori_Recording_28.wav,9,540.0,600.0,1,2.2202,60.0,0.03700333333333334,0.9629966666666666
28,D:\Project_Github\audio_click_mil\data\original_audio\Ori_Recording_28.wav,10,600.0,660.0,1,0.925,60.0,0.015416666666666667,0.9845833333333334
28,D:\Project_Github\audio_click_mil\data\original_audio\Ori_Recording_28.wav,13,780.0,840.0,1,5.4092,60.0,0.09015333333333334,0.9098466666666667
28,D:\Project_Github\audio_click_mil\data\original_audio\Ori_Recording_28.wav,27,1620.0,1680.0,1,3.6186,60.0,0.060309999999999996,0.93969
28,D:\Project_Github\audio_click_mil\data\original_audio\Ori_Recording_28.wav,28,1680.0,1740.0,1,4.2568,60.0,0.07094666666666667,0.9290533333333333
28,D:\Project_Github\audio_click_mil\data\original_audio\Ori_Recording_28.wav,29,1740.0,1799.980361111111,1,1.3072,59.9804,0.021793785970083558,0.9782062140299165
29,D:\Project_Github\audio_click_mil\data\original_audio\Ori_Recording_29.wav,3,180.0,240.0,1,9.2611,60.0,0.1543516666666667,0.8456483333333333
29,D:\Project_Github\audio_click_mil\data\original_audio\Ori_Recording_29.wav,4,240.0,300.0,1,8.9847,60.0,0.149745,0.850255
29,D:\Project_Github\audio_click_mil\data\original_audio\Ori_Recording_29.wav,5,300.0,360.0,1,5.4555,60.0,0.09092499999999999,0.909075
29,D:\Project_Github\audio_click_mil\data\original_audio\Ori_Recording_29.wav,6,360.0,420.0,1,6.4062,60.0,0.10677,0.89323
29,D:\Project_Github\audio_click_mil\data\original_audio\Ori_Recording_29.wav,7,420.0,480.0,1,1.2482,60.0,0.020803333333333333,0.9791966666666667
29,D:\Project_Github\audio_click_mil\data\original_audio\Ori_Recording_29.wav,8,480.0,540.0,1,5.6735,60.0,0.09455833333333333,0.9054416666666667
29,D:\Project_Github\audio_click_mil\data\original_audio\Ori_Recording_29.wav,10,600.0,660.0,1,1.3964,60.0,0.023273333333333333,0.9767266666666666
29,D:\Project_Github\audio_click_mil\data\original_audio\Ori_Recording_29.wav,11,660.0,720.0,1,5.0,60.0,0.08333333333333333,0.9166666666666666
29,D:\Project_Github\audio_click_mil\data\original_audio\Ori_Recording_29.wav,12,720.0,780.0,1,6.8993,60.0,0.11498833333333333,0.8850116666666666
29,D:\Project_Github\audio_click_mil\data\original_audio\Ori_Recording_29.wav,13,780.0,840.0,1,8.809,60.0,0.14681666666666665,0.8531833333333334
29,D:\Project_Github\audio_click_mil\data\original_audio\Ori_Recording_29.wav,14,840.0,900.0,1,11.4838,60.0,0.1913966666666667,0.8086033333333333
29,D:\Project_Github\audio_click_mil\data\original_audio\Ori_Recording_29.wav,15,900.0,960.0,1,7.3262,60.0,0.12210333333333333,0.8778966666666667
29,D:\Project_Github\audio_click_mil\data\original_audio\Ori_Recording_29.wav,17,1020.0,1080.0,1,3.1153,60.0,0.051921666666666665,0.9480783333333334
29,D:\Project_Github\audio_click_mil\data\original_audio\Ori_Recording_29.wav,18,1080.0,1140.0,1,1.7072,60.0,0.028453333333333334,0.9715466666666667
29,D:\Project_Github\audio_click_mil\data\original_audio\Ori_Recording_29.wav,19,1140.0,1200.0,1,3.382,60.0,0.05636666666666667,0.9436333333333333
29,D:\Project_Github\audio_click_mil\data\original_audio\Ori_Recording_29.wav,23,1380.0,1440.0,1,0.0484,60.0,0.0008066666666666667,0.9991933333333334
29,D:\Project_Github\audio_click_mil\data\original_audio\Ori_Recording_29.wav,25,1500.0,1560.0,1,0.2353,60.0,0.003921666666666667,0.9960783333333333
29,D:\Project_Github\audio_click_mil\data\original_audio\Ori_Recording_29.wav,27,1620.0,1680.0,1,4.0179,60.0,0.066965,0.9330350000000001
30,D:\Project_Github\audio_click_mil\data\original_audio\Ori_Recording_30.wav,2,120.0,180.0,1,7.3032,60.0,0.12172000000000001,0.87828
30,D:\Project_Github\audio_click_mil\data\original_audio\Ori_Recording_30.wav,3,180.0,240.0,1,5.4278,60.0,0.09046333333333334,0.9095366666666667
30,D:\Project_Github\audio_click_mil\data\original_audio\Ori_Recording_30.wav,4,240.0,300.0,1,1.7926,60.0,0.029876666666666666,0.9701233333333333
30,D:\Project_Github\audio_click_mil\data\original_audio\Ori_Recording_30.wav,5,300.0,360.0,1,0.8285,60.0,0.013808333333333334,0.9861916666666667
30,D:\Project_Github\audio_click_mil\data\original_audio\Ori_Recording_30.wav,10,600.0,660.0,1,4.7121,60.0,0.07853500000000001,0.921465
30,D:\Project_Github\audio_click_mil\data\original_audio\Ori_Recording_30.wav,11,660.0,720.0,1,0.256,60.0,0.004266666666666667,0.9957333333333334
30,D:\Project_Github\audio_click_mil\data\original_audio\Ori_Recording_30.wav,12,720.0,780.0,1,0.7913,60.0,0.013188333333333333,0.9868116666666666
30,D:\Project_Github\audio_click_mil\data\original_audio\Ori_Recording_30.wav,15,900.0,960.0,1,4.4218,60.0,0.07369666666666667,0.9263033333333334
30,D:\Project_Github\audio_click_mil\data\original_audio\Ori_Recording_30.wav,16,960.0,1020.0,1,0.5345,60.0,0.008908333333333332,0.9910916666666667
30,D:\Project_Github\audio_click_mil\data\original_audio\Ori_Recording_30.wav,18,1080.0,1140.0,1,1.4565,60.0,0.024274999999999998,0.975725
30,D:\Project_Github\audio_click_mil\data\original_audio\Ori_Recording_30.wav,19,1140.0,1200.0,1,0.4265,60.0,0.007108333333333333,0.9928916666666666
30,D:\Project_Github\audio_click_mil\data\original_audio\Ori_Recording_30.wav,22,1320.0,1380.0,1,0.4744,60.0,0.007906666666666666,0.9920933333333334
31,D:\Project_Github\audio_click_mil\data\original_audio\Ori_Recording_31.wav,3,180.0,240.0,1,1.9139,60.0,0.031898333333333334,0.9681016666666666
31,D:\Project_Github\audio_click_mil\data\original_audio\Ori_Recording_31.wav,7,420.0,480.0,1,0.4425,60.0,0.0073750000000000005,0.992625
31,D:\Project_Github\audio_click_mil\data\original_audio\Ori_Recording_31.wav,11,660.0,720.0,1,0.6092,60.0,0.010153333333333332,0.9898466666666667
31,D:\Project_Github\audio_click_mil\data\original_audio\Ori_Recording_31.wav,12,720.0,780.0,1,7.2654,60.0,0.12108999999999999,0.87891
31,D:\Project_Github\audio_click_mil\data\original_audio\Ori_Recording_31.wav,13,780.0,840.0,1,5.0742,60.0,0.08457,0.91543
31,D:\Project_Github\audio_click_mil\data\original_audio\Ori_Recording_31.wav,24,1440.0,1500.0,1,1.512,60.0,0.0252,0.9748
31,D:\Project_Github\audio_click_mil\data\original_audio\Ori_Recording_31.wav,25,1500.0,1560.0,1,2.6035,60.0,0.04339166666666667,0.9566083333333333
31,D:\Project_Github\audio_click_mil\data\original_audio\Ori_Recording_31.wav,26,1560.0,1620.0,1,2.0508,60.0,0.03418,0.96582
32,D:\Project_Github\audio_click_mil\data\original_audio\Ori_Recording_32.wav,8,480.0,540.0,1,0.5376,60.0,0.00896,0.99104
32,D:\Project_Github\audio_click_mil\data\original_audio\Ori_Recording_32.wav,9,540.0,600.0,1,0.6754,60.0,0.011256666666666667,0.9887433333333333
32,D:\Project_Github\audio_click_mil\data\original_audio\Ori_Recording_32.wav,10,600.0,660.0,1,2.0305,60.0,0.033841666666666666,0.9661583333333333
32,D:\Project_Github\audio_click_mil\data\original_audio\Ori_Recording_32.wav,11,660.0,720.0,1,0.264,60.0,0.0044,0.9956
32,D:\Project_Github\audio_click_mil\data\original_audio\Ori_Recording_32.wav,16,960.0,1020.0,1,4.9397,60.0,0.08232833333333334,0.9176716666666667
32,D:\Project_Github\audio_click_mil\data\original_audio\Ori_Recording_32.wav,17,1020.0,1080.0,1,4.2923,60.0,0.07153833333333333,0.9284616666666666
33,D:\Project_Github\audio_click_mil\data\original_audio\Ori_Recording_33.wav,25,1500.0,1560.0,1,1.8669,60.0,0.031115,0.968885
34,D:\Project_Github\audio_click_mil\data\original_audio\Ori_Recording_34.wav,0,0.0,60.0,1,1.6936,60.0,0.028226666666666667,0.9717733333333334
34,D:\Project_Github\audio_click_mil\data\original_audio\Ori_Recording_34.wav,3,180.0,240.0,1,0.965,60.0,0.01608333333333333,0.9839166666666667
35,D:\Project_Github\audio_click_mil\data\original_audio\Ori_Recording_35.wav,24,1440.0,1500.0,1,2.7901,60.0,0.04650166666666666,0.9534983333333333
35,D:\Project_Github\audio_click_mil\data\original_audio\Ori_Recording_35.wav,25,1500.0,1560.0,1,1.2384,60.0,0.02064,0.97936
1,D:\Project_Github\audio_click_mil\data\original_audio\Ori_Recording_01.wav,19,1140.0,1200.0,0,0.0,60.0,0.0,1.0
1,D:\Project_Github\audio_click_mil\data\original_audio\Ori_Recording_01.wav,11,660.0,720.0,0,0.0,60.0,0.0,1.0
1,D:\Project_Github\audio_click_mil\data\original_audio\Ori_Recording_01.wav,0,0.0,60.0,0,0.0,60.0,0.0,1.0
1,D:\Project_Github\audio_click_mil\data\original_audio\Ori_Recording_01.wav,10,600.0,660.0,0,0.0,60.0,0.0,1.0
1,D:\Project_Github\audio_click_mil\data\original_audio\Ori_Recording_01.wav,21,1260.0,1320.0,0,0.0,60.0,0.0,1.0
1,D:\Project_Github\audio_click_mil\data\original_audio\Ori_Recording_01.wav,15,900.0,960.0,0,0.0,60.0,0.0,1.0
1,D:\Project_Github\audio_click_mil\data\original_audio\Ori_Recording_01.wav,1,60.0,120.0,0,0.0,60.0,0.0,1.0
1,D:\Project_Github\audio_click_mil\data\original_audio\Ori_Recording_01.wav,17,1020.0,1080.0,0,0.0,60.0,0.0,1.0
1,D:\Project_Github\audio_click_mil\data\original_audio\Ori_Recording_01.wav,7,420.0,480.0,0,0.0,60.0,0.0,1.0
2,D:\Project_Github\audio_click_mil\data\original_audio\Ori_Recording_02.wav,22,1320.0,1380.0,0,0.0,60.0,0.0,1.0
2,D:\Project_Github\audio_click_mil\data\original_audio\Ori_Recording_02.wav,4,240.0,300.0,0,0.0,60.0,0.0,1.0
2,D:\Project_Github\audio_click_mil\data\original_audio\Ori_Recording_02.wav,8,480.0,540.0,0,0.0,60.0,0.0,1.0
2,D:\Project_Github\audio_click_mil\data\original_audio\Ori_Recording_02.wav,3,180.0,240.0,0,0.0,60.0,0.0,1.0
2,D:\Project_Github\audio_click_mil\data\original_audio\Ori_Recording_02.wav,29,1740.0,1799.9535555555556,0,0.0,59.9536,0.0,1.0
2,D:\Project_Github\audio_click_mil\data\original_audio\Ori_Recording_02.wav,5,300.0,360.0,0,0.0,60.0,0.0,1.0
2,D:\Project_Github\audio_click_mil\data\original_audio\Ori_Recording_02.wav,7,420.0,480.0,0,0.0,60.0,0.0,1.0
2,D:\Project_Github\audio_click_mil\data\original_audio\Ori_Recording_02.wav,6,360.0,420.0,0,0.0,60.0,0.0,1.0
2,D:\Project_Github\audio_click_mil\data\original_audio\Ori_Recording_02.wav,21,1260.0,1320.0,0,0.0,60.0,0.0,1.0
3,D:\Project_Github\audio_click_mil\data\original_audio\Ori_Recording_03.wav,8,480.0,540.0,0,0.0,60.0,0.0,1.0
3,D:\Project_Github\audio_click_mil\data\original_audio\Ori_Recording_03.wav,21,1260.0,1320.0,0,0.0,60.0,0.0,1.0
3,D:\Project_Github\audio_click_mil\data\original_audio\Ori_Recording_03.wav,0,0.0,60.0,0,0.0,60.0,0.0,1.0
3,D:\Project_Github\audio_click_mil\data\original_audio\Ori_Recording_03.wav,28,1680.0,1740.0,0,0.0,60.0,0.0,1.0
3,D:\Project_Github\audio_click_mil\data\original_audio\Ori_Recording_03.wav,11,660.0,720.0,0,0.0,60.0,0.0,1.0
3,D:\Project_Github\audio_click_mil\data\original_audio\Ori_Recording_03.wav,9,540.0,600.0,0,0.0,60.0,0.0,1.0
3,D:\Project_Github\audio_click_mil\data\original_audio\Ori_Recording_03.wav,13,780.0,840.0,0,0.0,60.0,0.0,1.0
4,D:\Project_Github\audio_click_mil\data\original_audio\Ori_Recording_04.wav,9,540.0,600.0,0,0.0,60.0,0.0,1.0
4,D:\Project_Github\audio_click_mil\data\original_audio\Ori_Recording_04.wav,18,1080.0,1140.0,0,0.0,60.0,0.0,1.0
4,D:\Project_Github\audio_click_mil\data\original_audio\Ori_Recording_04.wav,0,0.0,60.0,0,0.0,60.0,0.0,1.0
4,D:\Project_Github\audio_click_mil\data\original_audio\Ori_Recording_04.wav,20,1200.0,1260.0,0,0.0,60.0,0.0,1.0
4,D:\Project_Github\audio_click_mil\data\original_audio\Ori_Recording_04.wav,12,720.0,780.0,0,0.0,60.0,0.0,1.0
4,D:\Project_Github\audio_click_mil\data\original_audio\Ori_Recording_04.wav,10,600.0,660.0,0,0.0,60.0,0.0,1.0
4,D:\Project_Github\audio_click_mil\data\original_audio\Ori_Recording_04.wav,15,900.0,960.0,0,0.0,60.0,0.0,1.0
4,D:\Project_Github\audio_click_mil\data\original_audio\Ori_Recording_04.wav,2,120.0,180.0,0,0.0,60.0,0.0,1.0
5,D:\Project_Github\audio_click_mil\data\original_audio\Ori_Recording_05.wav,0,0.0,60.0,0,0.0,60.0,0.0,1.0
5,D:\Project_Github\audio_click_mil\data\original_audio\Ori_Recording_05.wav,8,480.0,540.0,0,0.0,60.0,0.0,1.0
5,D:\Project_Github\audio_click_mil\data\original_audio\Ori_Recording_05.wav,17,1020.0,1080.0,0,0.0,60.0,0.0,1.0
5,D:\Project_Github\audio_click_mil\data\original_audio\Ori_Recording_05.wav,1,60.0,120.0,0,0.0,60.0,0.0,1.0
5,D:\Project_Github\audio_click_mil\data\original_audio\Ori_Recording_05.wav,14,840.0,900.0,0,0.0,60.0,0.0,1.0
5,D:\Project_Github\audio_click_mil\data\original_audio\Ori_Recording_05.wav,25,1500.0,1560.0,0,0.0,60.0,0.0,1.0
5,D:\Project_Github\audio_click_mil\data\original_audio\Ori_Recording_05.wav,6,360.0,420.0,0,0.0,60.0,0.0,1.0
5,D:\Project_Github\audio_click_mil\data\original_audio\Ori_Recording_05.wav,20,1200.0,1260.0,0,0.0,60.0,0.0,1.0
5,D:\Project_Github\audio_click_mil\data\original_audio\Ori_Recording_05.wav,24,1440.0,1500.0,0,0.0,60.0,0.0,1.0
5,D:\Project_Github\audio_click_mil\data\original_audio\Ori_Recording_05.wav,26,1560.0,1620.0,0,0.0,60.0,0.0,1.0
5,D:\Project_Github\audio_click_mil\data\original_audio\Ori_Recording_05.wav,4,240.0,300.0,0,0.0,60.0,0.0,1.0
5,D:\Project_Github\audio_click_mil\data\original_audio\Ori_Recording_05.wav,15,900.0,960.0,0,0.0,60.0,0.0,1.0
6,D:\Project_Github\audio_click_mil\data\original_audio\Ori_Recording_06.wav,9,540.0,600.0,0,0.0,60.0,0.0,1.0
6,D:\Project_Github\audio_click_mil\data\original_audio\Ori_Recording_06.wav,11,660.0,720.0,0,0.0,60.0,0.0,1.0
6,D:\Project_Github\audio_click_mil\data\original_audio\Ori_Recording_06.wav,0,0.0,60.0,0,0.0,60.0,0.0,1.0
6,D:\Project_Github\audio_click_mil\data\original_audio\Ori_Recording_06.wav,12,720.0,780.0,0,0.0,60.0,0.0,1.0
6,D:\Project_Github\audio_click_mil\data\original_audio\Ori_Recording_06.wav,5,300.0,360.0,0,0.0,60.0,0.0,1.0
6,D:\Project_Github\audio_click_mil\data\original_audio\Ori_Recording_06.wav,8,480.0,540.0,0,0.0,60.0,0.0,1.0
6,D:\Project_Github\audio_click_mil\data\original_audio\Ori_Recording_06.wav,2,120.0,180.0,0,0.0,60.0,0.0,1.0
6,D:\Project_Github\audio_click_mil\data\original_audio\Ori_Recording_06.wav,1,60.0,120.0,0,0.0,60.0,0.0,1.0
6,D:\Project_Github\audio_click_mil\data\original_audio\Ori_Recording_06.wav,13,780.0,840.0,0,0.0,60.0,0.0,1.0
6,D:\Project_Github\audio_click_mil\data\original_audio\Ori_Recording_06.wav,4,240.0,300.0,0,0.0,60.0,0.0,1.0
6,D:\Project_Github\audio_click_mil\data\original_audio\Ori_Recording_06.wav,7,420.0,480.0,0,0.0,60.0,0.0,1.0
6,D:\Project_Github\audio_click_mil\data\original_audio\Ori_Recording_06.wav,10,600.0,660.0,0,0.0,60.0,0.0,1.0
6,D:\Project_Github\audio_click_mil\data\original_audio\Ori_Recording_06.wav,3,180.0,240.0,0,0.0,60.0,0.0,1.0
6,D:\Project_Github\audio_click_mil\data\original_audio\Ori_Recording_06.wav,6,360.0,420.0,0,0.0,60.0,0.0,1.0
7,D:\Project_Github\audio_click_mil\data\original_audio\Ori_Recording_07.wav,11,660.0,720.0,0,0.0,60.0,0.0,1.0
7,D:\Project_Github\audio_click_mil\data\original_audio\Ori_Recording_07.wav,21,1260.0,1320.0,0,0.0,60.0,0.0,1.0
7,D:\Project_Github\audio_click_mil\data\original_audio\Ori_Recording_07.wav,3,180.0,240.0,0,0.0,60.0,0.0,1.0
7,D:\Project_Github\audio_click_mil\data\original_audio\Ori_Recording_07.wav,23,1380.0,1440.0,0,0.0,60.0,0.0,1.0
7,D:\Project_Github\audio_click_mil\data\original_audio\Ori_Recording_07.wav,14,840.0,900.0,0,0.0,60.0,0.0,1.0
7,D:\Project_Github\audio_click_mil\data\original_audio\Ori_Recording_07.wav,12,720.0,780.0,0,0.0,60.0,0.0,1.0
7,D:\Project_Github\audio_click_mil\data\original_audio\Ori_Recording_07.wav,16,960.0,1020.0,0,0.0,60.0,0.0,1.0
7,D:\Project_Github\audio_click_mil\data\original_audio\Ori_Recording_07.wav,4,240.0,300.0,0,0.0,60.0,0.0,1.0
8,D:\Project_Github\audio_click_mil\data\original_audio\Ori_Recording_08.wav,0,0.0,60.0,0,0.0,60.0,0.0,1.0
8,D:\Project_Github\audio_click_mil\data\original_audio\Ori_Recording_08.wav,1,60.0,120.0,0,0.0,60.0,0.0,1.0
8,D:\Project_Github\audio_click_mil\data\original_audio\Ori_Recording_08.wav,8,480.0,540.0,0,0.0,60.0,0.0,1.0
8,D:\Project_Github\audio_click_mil\data\original_audio\Ori_Recording_08.wav,5,300.0,360.0,0,0.0,60.0,0.0,1.0
8,D:\Project_Github\audio_click_mil\data\original_audio\Ori_Recording_08.wav,3,180.0,240.0,0,0.0,60.0,0.0,1.0
8,D:\Project_Github\audio_click_mil\data\original_audio\Ori_Recording_08.wav,13,780.0,840.0,0,0.0,60.0,0.0,1.0
8,D:\Project_Github\audio_click_mil\data\original_audio\Ori_Recording_08.wav,25,1500.0,1560.0,0,0.0,60.0,0.0,1.0
8,D:\Project_Github\audio_click_mil\data\original_audio\Ori_Recording_08.wav,20,1200.0,1260.0,0,0.0,60.0,0.0,1.0
8,D:\Project_Github\audio_click_mil\data\original_audio\Ori_Recording_08.wav,11,660.0,720.0,0,0.0,60.0,0.0,1.0
8,D:\Project_Github\audio_click_mil\data\original_audio\Ori_Recording_08.wav,2,120.0,180.0,0,0.0,60.0,0.0,1.0
8,D:\Project_Github\audio_click_mil\data\original_audio\Ori_Recording_08.wav,9,540.0,600.0,0,0.0,60.0,0.0,1.0
8,D:\Project_Github\audio_click_mil\data\original_audio\Ori_Recording_08.wav,29,1740.0,1799.9537222222223,0,0.0,59.9537,0.0,1.0
8,D:\Project_Github\audio_click_mil\data\original_audio\Ori_Recording_08.wav,4,240.0,300.0,0,0.0,60.0,0.0,1.0
9,D:\Project_Github\audio_click_mil\data\original_audio\Ori_Recording_09.wav,7,420.0,480.0,0,0.0,60.0,0.0,1.0
9,D:\Project_Github\audio_click_mil\data\original_audio\Ori_Recording_09.wav,1,60.0,120.0,0,0.0,60.0,0.0,1.0
9,D:\Project_Github\audio_click_mil\data\original_audio\Ori_Recording_09.wav,19,1140.0,1200.0,0,0.0,60.0,0.0,1.0
9,D:\Project_Github\audio_click_mil\data\original_audio\Ori_Recording_09.wav,29,1740.0,1799.2841666666666,0,0.0,59.2842,0.0,1.0
9,D:\Project_Github\audio_click_mil\data\original_audio\Ori_Recording_09.wav,3,180.0,240.0,0,0.0,60.0,0.0,1.0
9,D:\Project_Github\audio_click_mil\data\original_audio\Ori_Recording_09.wav,2,120.0,180.0,0,0.0,60.0,0.0,1.0
9,D:\Project_Github\audio_click_mil\data\original_audio\Ori_Recording_09.wav,14,840.0,900.0,0,0.0,60.0,0.0,1.0
9,D:\Project_Github\audio_click_mil\data\original_audio\Ori_Recording_09.wav,6,360.0,420.0,0,0.0,60.0,0.0,1.0
9,D:\Project_Github\audio_click_mil\data\original_audio\Ori_Recording_09.wav,13,780.0,840.0,0,0.0,60.0,0.0,1.0
9,D:\Project_Github\audio_click_mil\data\original_audio\Ori_Recording_09.wav,5,300.0,360.0,0,0.0,60.0,0.0,1.0
9,D:\Project_Github\audio_click_mil\data\original_audio\Ori_Recording_09.wav,8,480.0,540.0,0,0.0,60.0,0.0,1.0
10,D:\Project_Github\audio_click_mil\data\original_audio\Ori_Recording_10.wav,24,1440.0,1500.0,0,0.0,60.0,0.0,1.0
10,D:\Project_Github\audio_click_mil\data\original_audio\Ori_Recording_10.wav,0,0.0,60.0,0,0.0,60.0,0.0,1.0
10,D:\Project_Github\audio_click_mil\data\original_audio\Ori_Recording_10.wav,28,1680.0,1740.0,0,0.0,60.0,0.0,1.0
10,D:\Project_Github\audio_click_mil\data\original_audio\Ori_Recording_10.wav,29,1740.0,1748.6783055555557,0,0.0,8.6783,0.0,1.0
10,D:\Project_Github\audio_click_mil\data\original_audio\Ori_Recording_10.wav,19,1140.0,1200.0,0,0.0,60.0,0.0,1.0
10,D:\Project_Github\audio_click_mil\data\original_audio\Ori_Recording_10.wav,17,1020.0,1080.0,0,0.0,60.0,0.0,1.0
10,D:\Project_Github\audio_click_mil\data\original_audio\Ori_Recording_10.wav,27,1620.0,1680.0,0,0.0,60.0,0.0,1.0
10,D:\Project_Github\audio_click_mil\data\original_audio\Ori_Recording_10.wav,23,1380.0,1440.0,0,0.0,60.0,0.0,1.0
10,D:\Project_Github\audio_click_mil\data\original_audio\Ori_Recording_10.wav,26,1560.0,1620.0,0,0.0,60.0,0.0,1.0
10,D:\Project_Github\audio_click_mil\data\original_audio\Ori_Recording_10.wav,22,1320.0,1380.0,0,0.0,60.0,0.0,1.0
10,D:\Project_Github\audio_click_mil\data\original_audio\Ori_Recording_10.wav,25,1500.0,1560.0,0,0.0,60.0,0.0,1.0
11,D:\Project_Github\audio_click_mil\data\original_audio\Ori_Recording_11.wav,11,660.0,720.0,0,0.0,60.0,0.0,1.0
11,D:\Project_Github\audio_click_mil\data\original_audio\Ori_Recording_11.wav,1,60.0,120.0,0,0.0,60.0,0.0,1.0
11,D:\Project_Github\audio_click_mil\data\original_audio\Ori_Recording_11.wav,7,420.0,480.0,0,0.0,60.0,0.0,1.0
11,D:\Project_Github\audio_click_mil\data\original_audio\Ori_Recording_11.wav,0,0.0,60.0,0,0.0,60.0,0.0,1.0
11,D:\Project_Github\audio_click_mil\data\original_audio\Ori_Recording_11.wav,12,720.0,769.3232777777778,0,0.0,49.3233,0.0,1.0
13,D:\Project_Github\audio_click_mil\data\original_audio\Ori_Recording_13.wav,5,300.0,360.0,0,0.0,60.0,0.0,1.0
13,D:\Project_Github\audio_click_mil\data\original_audio\Ori_Recording_13.wav,21,1260.0,1320.0,0,0.0,60.0,0.0,1.0
13,D:\Project_Github\audio_click_mil\data\original_audio\Ori_Recording_13.wav,16,960.0,1020.0,0,0.0,60.0,0.0,1.0
13,D:\Project_Github\audio_click_mil\data\original_audio\Ori_Recording_13.wav,9,540.0,600.0,0,0.0,60.0,0.0,1.0
13,D:\Project_Github\audio_click_mil\data\original_audio\Ori_Recording_13.wav,23,1380.0,1440.0,0,0.0,60.0,0.0,1.0
13,D:\Project_Github\audio_click_mil\data\original_audio\Ori_Recording_13.wav,13,780.0,840.0,0,0.0,60.0,0.0,1.0
13,D:\Project_Github\audio_click_mil\data\original_audio\Ori_Recording_13.wav,28,1680.0,1740.0,0,0.0,60.0,0.0,1.0
13,D:\Project_Github\audio_click_mil\data\original_audio\Ori_Recording_13.wav,19,1140.0,1200.0,0,0.0,60.0,0.0,1.0
13,D:\Project_Github\audio_click_mil\data\original_audio\Ori_Recording_13.wav,11,660.0,720.0,0,0.0,60.0,0.0,1.0
13,D:\Project_Github\audio_click_mil\data\original_audio\Ori_Recording_13.wav,12,720.0,780.0,0,0.0,60.0,0.0,1.0
14,D:\Project_Github\audio_click_mil\data\original_audio\Ori_Recording_14.wav,0,0.0,60.0,0,0.0,60.0,0.0,1.0
14,D:\Project_Github\audio_click_mil\data\original_audio\Ori_Recording_14.wav,1,60.0,120.0,0,0.0,60.0,0.0,1.0
14,D:\Project_Github\audio_click_mil\data\original_audio\Ori_Recording_14.wav,15,900.0,960.0,0,0.0,60.0,0.0,1.0
14,D:\Project_Github\audio_click_mil\data\original_audio\Ori_Recording_14.wav,28,1680.0,1740.0,0,0.0,60.0,0.0,1.0
14,D:\Project_Github\audio_click_mil\data\original_audio\Ori_Recording_14.wav,21,1260.0,1320.0,0,0.0,60.0,0.0,1.0
14,D:\Project_Github\audio_click_mil\data\original_audio\Ori_Recording_14.wav,27,1620.0,1680.0,0,0.0,60.0,0.0,1.0
14,D:\Project_Github\audio_click_mil\data\original_audio\Ori_Recording_14.wav,18,1080.0,1140.0,0,0.0,60.0,0.0,1.0
14,D:\Project_Github\audio_click_mil\data\original_audio\Ori_Recording_14.wav,23,1380.0,1440.0,0,0.0,60.0,0.0,1.0
14,D:\Project_Github\audio_click_mil\data\original_audio\Ori_Recording_14.wav,8,480.0,540.0,0,0.0,60.0,0.0,1.0
14,D:\Project_Github\audio_click_mil\data\original_audio\Ori_Recording_14.wav,19,1140.0,1200.0,0,0.0,60.0,0.0,1.0
14,D:\Project_Github\audio_click_mil\data\original_audio\Ori_Recording_14.wav,29,1740.0,1798.50825,0,0.0,58.5083,0.0,1.0
14,D:\Project_Github\audio_click_mil\data\original_audio\Ori_Recording_14.wav,14,840.0,900.0,0,0.0,60.0,0.0,1.0
14,D:\Project_Github\audio_click_mil\data\original_audio\Ori_Recording_14.wav,17,1020.0,1080.0,0,0.0,60.0,0.0,1.0
15,D:\Project_Github\audio_click_mil\data\original_audio\Ori_Recording_15.wav,10,600.0,660.0,0,0.0,60.0,0.0,1.0
15,D:\Project_Github\audio_click_mil\data\original_audio\Ori_Recording_15.wav,12,720.0,780.0,0,0.0,60.0,0.0,1.0
15,D:\Project_Github\audio_click_mil\data\original_audio\Ori_Recording_15.wav,0,0.0,60.0,0,0.0,60.0,0.0,1.0
15,D:\Project_Github\audio_click_mil\data\original_audio\Ori_Recording_15.wav,14,840.0,900.0,0,0.0,60.0,0.0,1.0
16,D:\Project_Github\audio_click_mil\data\original_audio\Ori_Recording_16.wav,16,960.0,1020.0,0,0.0,60.0,0.0,1.0
16,D:\Project_Github\audio_click_mil\data\original_audio\Ori_Recording_16.wav,10,600.0,660.0,0,0.0,60.0,0.0,1.0
16,D:\Project_Github\audio_click_mil\data\original_audio\Ori_Recording_16.wav,0,0.0,60.0,0,0.0,60.0,0.0,1.0
16,D:\Project_Github\audio_click_mil\data\original_audio\Ori_Recording_16.wav,8,480.0,540.0,0,0.0,60.0,0.0,1.0
16,D:\Project_Github\audio_click_mil\data\original_audio\Ori_Recording_16.wav,18,1080.0,1140.0,0,0.0,60.0,0.0,1.0
16,D:\Project_Github\audio_click_mil\data\original_audio\Ori_Recording_16.wav,13,780.0,840.0,0,0.0,60.0,0.0,1.0
16,D:\Project_Github\audio_click_mil\data\original_audio\Ori_Recording_16.wav,1,60.0,120.0,0,0.0,60.0,0.0,1.0
16,D:\Project_Github\audio_click_mil\data\original_audio\Ori_Recording_16.wav,14,840.0,900.0,0,0.0,60.0,0.0,1.0
16,D:\Project_Github\audio_click_mil\data\original_audio\Ori_Recording_16.wav,5,300.0,360.0,0,0.0,60.0,0.0,1.0
17,D:\Project_Github\audio_click_mil\data\original_audio\Ori_Recording_17.wav,18,1080.0,1140.0,0,0.0,60.0,0.0,1.0
17,D:\Project_Github\audio_click_mil\data\original_audio\Ori_Recording_17.wav,23,1380.0,1440.0,0,0.0,60.0,0.0,1.0
17,D:\Project_Github\audio_click_mil\data\original_audio\Ori_Recording_17.wav,2,120.0,180.0,0,0.0,60.0,0.0,1.0
17,D:\Project_Github\audio_click_mil\data\original_audio\Ori_Recording_17.wav,25,1500.0,1560.0,0,0.0,60.0,0.0,1.0
17,D:\Project_Github\audio_click_mil\data\original_audio\Ori_Recording_17.wav,14,840.0,900.0,0,0.0,60.0,0.0,1.0
17,D:\Project_Github\audio_click_mil\data\original_audio\Ori_Recording_17.wav,17,1020.0,1080.0,0,0.0,60.0,0.0,1.0
17,D:\Project_Github\audio_click_mil\data\original_audio\Ori_Recording_17.wav,5,300.0,360.0,0,0.0,60.0,0.0,1.0
17,D:\Project_Github\audio_click_mil\data\original_audio\Ori_Recording_17.wav,4,240.0,300.0,0,0.0,60.0,0.0,1.0
17,D:\Project_Github\audio_click_mil\data\original_audio\Ori_Recording_17.wav,28,1680.0,1740.0,0,0.0,60.0,0.0,1.0
17,D:\Project_Github\audio_click_mil\data\original_audio\Ori_Recording_17.wav,12,720.0,780.0,0,0.0,60.0,0.0,1.0
17,D:\Project_Github\audio_click_mil\data\original_audio\Ori_Recording_17.wav,16,960.0,1020.0,0,0.0,60.0,0.0,1.0
17,D:\Project_Github\audio_click_mil\data\original_audio\Ori_Recording_17.wav,22,1320.0,1380.0,0,0.0,60.0,0.0,1.0
17,D:\Project_Github\audio_click_mil\data\original_audio\Ori_Recording_17.wav,24,1440.0,1500.0,0,0.0,60.0,0.0,1.0
17,D:\Project_Github\audio_click_mil\data\original_audio\Ori_Recording_17.wav,6,360.0,420.0,0,0.0,60.0,0.0,1.0
17,D:\Project_Github\audio_click_mil\data\original_audio\Ori_Recording_17.wav,15,900.0,960.0,0,0.0,60.0,0.0,1.0
18,D:\Project_Github\audio_click_mil\data\original_audio\Ori_Recording_18.wav,12,720.0,780.0,0,0.0,60.0,0.0,1.0
18,D:\Project_Github\audio_click_mil\data\original_audio\Ori_Recording_18.wav,20,1200.0,1260.0,0,0.0,60.0,0.0,1.0
18,D:\Project_Github\audio_click_mil\data\original_audio\Ori_Recording_18.wav,0,0.0,60.0,0,0.0,60.0,0.0,1.0
18,D:\Project_Github\audio_click_mil\data\original_audio\Ori_Recording_18.wav,28,1680.0,1740.0,0,0.0,60.0,0.0,1.0
18,D:\Project_Github\audio_click_mil\data\original_audio\Ori_Recording_18.wav,15,900.0,960.0,0,0.0,60.0,0.0,1.0
18,D:\Project_Github\audio_click_mil\data\original_audio\Ori_Recording_18.wav,13,780.0,840.0,0,0.0,60.0,0.0,1.0
19,D:\Project_Github\audio_click_mil\data\original_audio\Ori_Recording_19.wav,2,120.0,180.0,0,0.0,60.0,0.0,1.0
19,D:\Project_Github\audio_click_mil\data\original_audio\Ori_Recording_19.wav,18,1080.0,1140.0,0,0.0,60.0,0.0,1.0
19,D:\Project_Github\audio_click_mil\data\original_audio\Ori_Recording_19.wav,13,780.0,840.0,0,0.0,60.0,0.0,1.0
19,D:\Project_Github\audio_click_mil\data\original_audio\Ori_Recording_19.wav,3,180.0,240.0,0,0.0,60.0,0.0,1.0
19,D:\Project_Github\audio_click_mil\data\original_audio\Ori_Recording_19.wav,23,1380.0,1440.0,0,0.0,60.0,0.0,1.0
19,D:\Project_Github\audio_click_mil\data\original_audio\Ori_Recording_19.wav,9,540.0,600.0,0,0.0,60.0,0.0,1.0
19,D:\Project_Github\audio_click_mil\data\original_audio\Ori_Recording_19.wav,28,1680.0,1740.0,0,0.0,60.0,0.0,1.0
19,D:\Project_Github\audio_click_mil\data\original_audio\Ori_Recording_19.wav,16,960.0,1020.0,0,0.0,60.0,0.0,1.0
19,D:\Project_Github\audio_click_mil\data\original_audio\Ori_Recording_19.wav,5,300.0,360.0,0,0.0,60.0,0.0,1.0
19,D:\Project_Github\audio_click_mil\data\original_audio\Ori_Recording_19.wav,6,360.0,420.0,0,0.0,60.0,0.0,1.0
20,D:\Project_Github\audio_click_mil\data\original_audio\Ori_Recording_20.wav,11,660.0,720.0,0,0.0,60.0,0.0,1.0
20,D:\Project_Github\audio_click_mil\data\original_audio\Ori_Recording_20.wav,20,1200.0,1260.0,0,0.0,60.0,0.0,1.0
20,D:\Project_Github\audio_click_mil\data\original_audio\Ori_Recording_20.wav,0,0.0,60.0,0,0.0,60.0,0.0,1.0
20,D:\Project_Github\audio_click_mil\data\original_audio\Ori_Recording_20.wav,28,1680.0,1740.0,0,0.0,60.0,0.0,1.0
20,D:\Project_Github\audio_click_mil\data\original_audio\Ori_Recording_20.wav,14,840.0,900.0,0,0.0,60.0,0.0,1.0
20,D:\Project_Github\audio_click_mil\data\original_audio\Ori_Recording_20.wav,12,720.0,780.0,0,0.0,60.0,0.0,1.0
20,D:\Project_Github\audio_click_mil\data\original_audio\Ori_Recording_20.wav,17,1020.0,1080.0,0,0.0,60.0,0.0,1.0
21,D:\Project_Github\audio_click_mil\data\original_audio\Ori_Recording_21.wav,18,1080.0,1140.0,0,0.0,60.0,0.0,1.0
21,D:\Project_Github\audio_click_mil\data\original_audio\Ori_Recording_21.wav,23,1380.0,1440.0,0,0.0,60.0,0.0,1.0
21,D:\Project_Github\audio_click_mil\data\original_audio\Ori_Recording_21.wav,0,0.0,60.0,0,0.0,60.0,0.0,1.0
21,D:\Project_Github\audio_click_mil\data\original_audio\Ori_Recording_21.wav,28,1680.0,1740.0,0,0.0,60.0,0.0,1.0
21,D:\Project_Github\audio_click_mil\data\original_audio\Ori_Recording_21.wav,7,420.0,480.0,0,0.0,60.0,0.0,1.0
21,D:\Project_Github\audio_click_mil\data\original_audio\Ori_Recording_21.wav,15,900.0,960.0,0,0.0,60.0,0.0,1.0
21,D:\Project_Github\audio_click_mil\data\original_audio\Ori_Recording_21.wav,2,120.0,180.0,0,0.0,60.0,0.0,1.0
21,D:\Project_Github\audio_click_mil\data\original_audio\Ori_Recording_21.wav,1,60.0,120.0,0,0.0,60.0,0.0,1.0
21,D:\Project_Github\audio_click_mil\data\original_audio\Ori_Recording_21.wav,29,1740.0,1799.7395555555556,0,0.0,59.7396,0.0,1.0
21,D:\Project_Github\audio_click_mil\data\original_audio\Ori_Recording_21.wav,4,240.0,300.0,0,0.0,60.0,0.0,1.0
21,D:\Project_Github\audio_click_mil\data\original_audio\Ori_Recording_21.wav,9,540.0,600.0,0,0.0,60.0,0.0,1.0
21,D:\Project_Github\audio_click_mil\data\original_audio\Ori_Recording_21.wav,19,1140.0,1200.0,0,0.0,60.0,0.0,1.0
21,D:\Project_Github\audio_click_mil\data\original_audio\Ori_Recording_21.wav,3,180.0,240.0,0,0.0,60.0,0.0,1.0
21,D:\Project_Github\audio_click_mil\data\original_audio\Ori_Recording_21.wav,8,480.0,540.0,0,0.0,60.0,0.0,1.0
22,D:\Project_Github\audio_click_mil\data\original_audio\Ori_Recording_22.wav,24,1440.0,1500.0,0,0.0,60.0,0.0,1.0
22,D:\Project_Github\audio_click_mil\data\original_audio\Ori_Recording_22.wav,23,1380.0,1440.0,0,0.0,60.0,0.0,1.0
22,D:\Project_Github\audio_click_mil\data\original_audio\Ori_Recording_22.wav,2,120.0,180.0,0,0.0,60.0,0.0,1.0
22,D:\Project_Github\audio_click_mil\data\original_audio\Ori_Recording_22.wav,22,1320.0,1380.0,0,0.0,60.0,0.0,1.0
22,D:\Project_Github\audio_click_mil\data\original_audio\Ori_Recording_22.wav,15,900.0,960.0,0,0.0,60.0,0.0,1.0
22,D:\Project_Github\audio_click_mil\data\original_audio\Ori_Recording_22.wav,5,300.0,360.0,0,0.0,60.0,0.0,1.0
22,D:\Project_Github\audio_click_mil\data\original_audio\Ori_Recording_22.wav,4,240.0,300.0,0,0.0,60.0,0.0,1.0
22,D:\Project_Github\audio_click_mil\data\original_audio\Ori_Recording_22.wav,25,1500.0,1560.0,0,0.0,60.0,0.0,1.0
22,D:\Project_Github\audio_click_mil\data\original_audio\Ori_Recording_22.wav,8,480.0,540.0,0,0.0,60.0,0.0,1.0
22,D:\Project_Github\audio_click_mil\data\original_audio\Ori_Recording_22.wav,20,1200.0,1260.0,0,0.0,60.0,0.0,1.0
22,D:\Project_Github\audio_click_mil\data\original_audio\Ori_Recording_22.wav,6,360.0,420.0,0,0.0,60.0,0.0,1.0
22,D:\Project_Github\audio_click_mil\data\original_audio\Ori_Recording_22.wav,16,960.0,1020.0,0,0.0,60.0,0.0,1.0
23,D:\Project_Github\audio_click_mil\data\original_audio\Ori_Recording_23.wav,3,180.0,240.0,0,0.0,60.0,0.0,1.0
23,D:\Project_Github\audio_click_mil\data\original_audio\Ori_Recording_23.wav,23,1380.0,1440.0,0,0.0,60.0,0.0,1.0
23,D:\Project_Github\audio_click_mil\data\original_audio\Ori_Recording_23.wav,21,1260.0,1320.0,0,0.0,60.0,0.0,1.0
23,D:\Project_Github\audio_click_mil\data\original_audio\Ori_Recording_23.wav,5,300.0,360.0,0,0.0,60.0,0.0,1.0
23,D:\Project_Github\audio_click_mil\data\original_audio\Ori_Recording_23.wav,14,840.0,900.0,0,0.0,60.0,0.0,1.0
23,D:\Project_Github\audio_click_mil\data\original_audio\Ori_Recording_23.wav,11,660.0,720.0,0,0.0,60.0,0.0,1.0
23,D:\Project_Github\audio_click_mil\data\original_audio\Ori_Recording_23.wav,17,1020.0,1080.0,0,0.0,60.0,0.0,1.0
23,D:\Project_Github\audio_click_mil\data\original_audio\Ori_Recording_23.wav,9,540.0,600.0,0,0.0,60.0,0.0,1.0
23,D:\Project_Github\audio_click_mil\data\original_audio\Ori_Recording_23.wav,24,1440.0,1500.0,0,0.0,60.0,0.0,1.0
23,D:\Project_Github\audio_click_mil\data\original_audio\Ori_Recording_23.wav,22,1320.0,1380.0,0,0.0,60.0,0.0,1.0
24,D:\Project_Github\audio_click_mil\data\original_audio\Ori_Recording_24.wav,1,60.0,120.0,0,0.0,60.0,0.0,1.0
24,D:\Project_Github\audio_click_mil\data\original_audio\Ori_Recording_24.wav,4,240.0,300.0,0,0.0,60.0,0.0,1.0
24,D:\Project_Github\audio_click_mil\data\original_audio\Ori_Recording_24.wav,14,840.0,900.0,0,0.0,60.0,0.0,1.0
24,D:\Project_Github\audio_click_mil\data\original_audio\Ori_Recording_24.wav,28,1680.0,1740.0,0,0.0,60.0,0.0,1.0
24,D:\Project_Github\audio_click_mil\data\original_audio\Ori_Recording_24.wav,23,1380.0,1440.0,0,0.0,60.0,0.0,1.0
24,D:\Project_Github\audio_click_mil\data\original_audio\Ori_Recording_24.wav,27,1620.0,1680.0,0,0.0,60.0,0.0,1.0
24,D:\Project_Github\audio_click_mil\data\original_audio\Ori_Recording_24.wav,17,1020.0,1080.0,0,0.0,60.0,0.0,1.0
24,D:\Project_Github\audio_click_mil\data\original_audio\Ori_Recording_24.wav,25,1500.0,1560.0,0,0.0,60.0,0.0,1.0
24,D:\Project_Github\audio_click_mil\data\original_audio\Ori_Recording_24.wav,6,360.0,420.0,0,0.0,60.0,0.0,1.0
24,D:\Project_Github\audio_click_mil\data\original_audio\Ori_Recording_24.wav,18,1080.0,1140.0,0,0.0,60.0,0.0,1.0
24,D:\Project_Github\audio_click_mil\data\original_audio\Ori_Recording_24.wav,29,1740.0,1799.8780277777778,0,0.0,59.878,0.0,1.0
24,D:\Project_Github\audio_click_mil\data\original_audio\Ori_Recording_24.wav,13,780.0,840.0,0,0.0,60.0,0.0,1.0
24,D:\Project_Github\audio_click_mil\data\original_audio\Ori_Recording_24.wav,16,960.0,1020.0,0,0.0,60.0,0.0,1.0
25,D:\Project_Github\audio_click_mil\data\original_audio\Ori_Recording_25.wav,0,0.0,60.0,0,0.0,60.0,0.0,1.0
25,D:\Project_Github\audio_click_mil\data\original_audio\Ori_Recording_25.wav,11,660.0,720.0,0,0.0,60.0,0.0,1.0
25,D:\Project_Github\audio_click_mil\data\original_audio\Ori_Recording_25.wav,21,1260.0,1320.0,0,0.0,60.0,0.0,1.0
25,D:\Project_Github\audio_click_mil\data\original_audio\Ori_Recording_25.wav,2,120.0,180.0,0,0.0,60.0,0.0,1.0
25,D:\Project_Github\audio_click_mil\data\original_audio\Ori_Recording_25.wav,15,900.0,960.0,0,0.0,60.0,0.0,1.0
25,D:\Project_Github\audio_click_mil\data\original_audio\Ori_Recording_25.wav,27,1620.0,1680.0,0,0.0,60.0,0.0,1.0
25,D:\Project_Github\audio_click_mil\data\original_audio\Ori_Recording_25.wav,4,240.0,300.0,0,0.0,60.0,0.0,1.0
25,D:\Project_Github\audio_click_mil\data\original_audio\Ori_Recording_25.wav,23,1380.0,1440.0,0,0.0,60.0,0.0,1.0
25,D:\Project_Github\audio_click_mil\data\original_audio\Ori_Recording_25.wav,26,1560.0,1620.0,0,0.0,60.0,0.0,1.0
25,D:\Project_Github\audio_click_mil\data\original_audio\Ori_Recording_25.wav,28,1680.0,1740.0,0,0.0,60.0,0.0,1.0
25,D:\Project_Github\audio_click_mil\data\original_audio\Ori_Recording_25.wav,3,180.0,240.0,0,0.0,60.0,0.0,1.0
25,D:\Project_Github\audio_click_mil\data\original_audio\Ori_Recording_25.wav,16,960.0,1020.0,0,0.0,60.0,0.0,1.0
26,D:\Project_Github\audio_click_mil\data\original_audio\Ori_Recording_26.wav,11,660.0,720.0,0,0.0,60.0,0.0,1.0
26,D:\Project_Github\audio_click_mil\data\original_audio\Ori_Recording_26.wav,16,960.0,1020.0,0,0.0,60.0,0.0,1.0
26,D:\Project_Github\audio_click_mil\data\original_audio\Ori_Recording_26.wav,12,720.0,780.0,0,0.0,60.0,0.0,1.0
26,D:\Project_Github\audio_click_mil\data\original_audio\Ori_Recording_26.wav,24,1440.0,1500.0,0,0.0,60.0,0.0,1.0
26,D:\Project_Github\audio_click_mil\data\original_audio\Ori_Recording_26.wav,0,0.0,60.0,0,0.0,60.0,0.0,1.0
26,D:\Project_Github\audio_click_mil\data\original_audio\Ori_Recording_26.wav,14,840.0,900.0,0,0.0,60.0,0.0,1.0
27,D:\Project_Github\audio_click_mil\data\original_audio\Ori_Recording_27.wav,10,600.0,660.0,0,0.0,60.0,0.0,1.0
27,D:\Project_Github\audio_click_mil\data\original_audio\Ori_Recording_27.wav,27,1620.0,1680.0,0,0.0,60.0,0.0,1.0
27,D:\Project_Github\audio_click_mil\data\original_audio\Ori_Recording_27.wav,9,540.0,600.0,0,0.0,60.0,0.0,1.0
27,D:\Project_Github\audio_click_mil\data\original_audio\Ori_Recording_27.wav,23,1380.0,1440.0,0,0.0,60.0,0.0,1.0
27,D:\Project_Github\audio_click_mil\data\original_audio\Ori_Recording_27.wav,0,0.0,60.0,0,0.0,60.0,0.0,1.0
28,D:\Project_Github\audio_click_mil\data\original_audio\Ori_Recording_28.wav,19,1140.0,1200.0,0,0.0,60.0,0.0,1.0
28,D:\Project_Github\audio_click_mil\data\original_audio\Ori_Recording_28.wav,12,720.0,780.0,0,0.0,60.0,0.0,1.0
28,D:\Project_Github\audio_click_mil\data\original_audio\Ori_Recording_28.wav,0,0.0,60.0,0,0.0,60.0,0.0,1.0
28,D:\Project_Github\audio_click_mil\data\original_audio\Ori_Recording_28.wav,11,660.0,720.0,0,0.0,60.0,0.0,1.0
28,D:\Project_Github\audio_click_mil\data\original_audio\Ori_Recording_28.wav,21,1260.0,1320.0,0,0.0,60.0,0.0,1.0
28,D:\Project_Github\audio_click_mil\data\original_audio\Ori_Recording_28.wav,16,960.0,1020.0,0,0.0,60.0,0.0,1.0
28,D:\Project_Github\audio_click_mil\data\original_audio\Ori_Recording_28.wav,1,60.0,120.0,0,0.0,60.0,0.0,1.0
28,D:\Project_Github\audio_click_mil\data\original_audio\Ori_Recording_28.wav,17,1020.0,1080.0,0,0.0,60.0,0.0,1.0
28,D:\Project_Github\audio_click_mil\data\original_audio\Ori_Recording_28.wav,6,360.0,420.0,0,0.0,60.0,0.0,1.0
29,D:\Project_Github\audio_click_mil\data\original_audio\Ori_Recording_29.wav,28,1680.0,1740.0,0,0.0,60.0,0.0,1.0
29,D:\Project_Github\audio_click_mil\data\original_audio\Ori_Recording_29.wav,26,1560.0,1620.0,0,0.0,60.0,0.0,1.0
29,D:\Project_Github\audio_click_mil\data\original_audio\Ori_Recording_29.wav,0,0.0,60.0,0,0.0,60.0,0.0,1.0
29,D:\Project_Github\audio_click_mil\data\original_audio\Ori_Recording_29.wav,24,1440.0,1500.0,0,0.0,60.0,0.0,1.0
29,D:\Project_Github\audio_click_mil\data\original_audio\Ori_Recording_29.wav,20,1200.0,1260.0,0,0.0,60.0,0.0,1.0
29,D:\Project_Github\audio_click_mil\data\original_audio\Ori_Recording_29.wav,2,120.0,180.0,0,0.0,60.0,0.0,1.0
29,D:\Project_Github\audio_click_mil\data\original_audio\Ori_Recording_29.wav,1,60.0,120.0,0,0.0,60.0,0.0,1.0
29,D:\Project_Github\audio_click_mil\data\original_audio\Ori_Recording_29.wav,29,1740.0,1797.8976944444444,0,0.0,57.8977,0.0,1.0
29,D:\Project_Github\audio_click_mil\data\original_audio\Ori_Recording_29.wav,16,960.0,1020.0,0,0.0,60.0,0.0,1.0
29,D:\Project_Github\audio_click_mil\data\original_audio\Ori_Recording_29.wav,22,1320.0,1380.0,0,0.0,60.0,0.0,1.0
29,D:\Project_Github\audio_click_mil\data\original_audio\Ori_Recording_29.wav,9,540.0,600.0,0,0.0,60.0,0.0,1.0
29,D:\Project_Github\audio_click_mil\data\original_audio\Ori_Recording_29.wav,21,1260.0,1320.0,0,0.0,60.0,0.0,1.0
30,D:\Project_Github\audio_click_mil\data\original_audio\Ori_Recording_30.wav,0,0.0,60.0,0,0.0,60.0,0.0,1.0
30,D:\Project_Github\audio_click_mil\data\original_audio\Ori_Recording_30.wav,1,60.0,120.0,0,0.0,60.0,0.0,1.0
30,D:\Project_Github\audio_click_mil\data\original_audio\Ori_Recording_30.wav,17,1020.0,1080.0,0,0.0,60.0,0.0,1.0
30,D:\Project_Github\audio_click_mil\data\original_audio\Ori_Recording_30.wav,9,540.0,600.0,0,0.0,60.0,0.0,1.0
30,D:\Project_Github\audio_click_mil\data\original_audio\Ori_Recording_30.wav,7,420.0,480.0,0,0.0,60.0,0.0,1.0
30,D:\Project_Github\audio_click_mil\data\original_audio\Ori_Recording_30.wav,25,1500.0,1560.0,0,0.0,60.0,0.0,1.0
30,D:\Project_Github\audio_click_mil\data\original_audio\Ori_Recording_30.wav,28,1680.0,1740.0,0,0.0,60.0,0.0,1.0
30,D:\Project_Github\audio_click_mil\data\original_audio\Ori_Recording_30.wav,27,1620.0,1680.0,0,0.0,60.0,0.0,1.0
30,D:\Project_Github\audio_click_mil\data\original_audio\Ori_Recording_30.wav,23,1380.0,1440.0,0,0.0,60.0,0.0,1.0
30,D:\Project_Github\audio_click_mil\data\original_audio\Ori_Recording_30.wav,6,360.0,420.0,0,0.0,60.0,0.0,1.0
30,D:\Project_Github\audio_click_mil\data\original_audio\Ori_Recording_30.wav,20,1200.0,1260.0,0,0.0,60.0,0.0,1.0
30,D:\Project_Github\audio_click_mil\data\original_audio\Ori_Recording_30.wav,29,1740.0,1799.398,0,0.0,59.398,0.0,1.0
30,D:\Project_Github\audio_click_mil\data\original_audio\Ori_Recording_30.wav,8,480.0,540.0,0,0.0,60.0,0.0,1.0
31,D:\Project_Github\audio_click_mil\data\original_audio\Ori_Recording_31.wav,0,0.0,60.0,0,0.0,60.0,0.0,1.0
31,D:\Project_Github\audio_click_mil\data\original_audio\Ori_Recording_31.wav,18,1080.0,1140.0,0,0.0,60.0,0.0,1.0
31,D:\Project_Github\audio_click_mil\data\original_audio\Ori_Recording_31.wav,10,600.0,660.0,0,0.0,60.0,0.0,1.0
31,D:\Project_Github\audio_click_mil\data\original_audio\Ori_Recording_31.wav,1,60.0,120.0,0,0.0,60.0,0.0,1.0
31,D:\Project_Github\audio_click_mil\data\original_audio\Ori_Recording_31.wav,20,1200.0,1260.0,0,0.0,60.0,0.0,1.0
31,D:\Project_Github\audio_click_mil\data\original_audio\Ori_Recording_31.wav,6,360.0,420.0,0,0.0,60.0,0.0,1.0
31,D:\Project_Github\audio_click_mil\data\original_audio\Ori_Recording_31.wav,28,1680.0,1740.0,0,0.0,60.0,0.0,1.0
31,D:\Project_Github\audio_click_mil\data\original_audio\Ori_Recording_31.wav,16,960.0,1020.0,0,0.0,60.0,0.0,1.0
31,D:\Project_Github\audio_click_mil\data\original_audio\Ori_Recording_31.wav,4,240.0,300.0,0,0.0,60.0,0.0,1.0
31,D:\Project_Github\audio_click_mil\data\original_audio\Ori_Recording_31.wav,5,300.0,360.0,0,0.0,60.0,0.0,1.0
32,D:\Project_Github\audio_click_mil\data\original_audio\Ori_Recording_32.wav,12,720.0,780.0,0,0.0,60.0,0.0,1.0
32,D:\Project_Github\audio_click_mil\data\original_audio\Ori_Recording_32.wav,22,1320.0,1380.0,0,0.0,60.0,0.0,1.0
32,D:\Project_Github\audio_click_mil\data\original_audio\Ori_Recording_32.wav,0,0.0,60.0,0,0.0,60.0,0.0,1.0
32,D:\Project_Github\audio_click_mil\data\original_audio\Ori_Recording_32.wav,24,1440.0,1500.0,0,0.0,60.0,0.0,1.0
32,D:\Project_Github\audio_click_mil\data\original_audio\Ori_Recording_32.wav,15,900.0,960.0,0,0.0,60.0,0.0,1.0
32,D:\Project_Github\audio_click_mil\data\original_audio\Ori_Recording_32.wav,13,780.0,840.0,0,0.0,60.0,0.0,1.0
32,D:\Project_Github\audio_click_mil\data\original_audio\Ori_Recording_32.wav,19,1140.0,1200.0,0,0.0,60.0,0.0,1.0
32,D:\Project_Github\audio_click_mil\data\original_audio\Ori_Recording_32.wav,1,60.0,120.0,0,0.0,60.0,0.0,1.0
33,D:\Project_Github\audio_click_mil\data\original_audio\Ori_Recording_33.wav,28,1680.0,1740.0,0,0.0,60.0,0.0,1.0
33,D:\Project_Github\audio_click_mil\data\original_audio\Ori_Recording_33.wav,16,960.0,1020.0,0,0.0,60.0,0.0,1.0
33,D:\Project_Github\audio_click_mil\data\original_audio\Ori_Recording_33.wav,12,720.0,780.0,0,0.0,60.0,0.0,1.0
33,D:\Project_Github\audio_click_mil\data\original_audio\Ori_Recording_33.wav,22,1320.0,1380.0,0,0.0,60.0,0.0,1.0
34,D:\Project_Github\audio_click_mil\data\original_audio\Ori_Recording_34.wav,11,660.0,720.0,0,0.0,60.0,0.0,1.0
34,D:\Project_Github\audio_click_mil\data\original_audio\Ori_Recording_34.wav,27,1620.0,1680.0,0,0.0,60.0,0.0,1.0
34,D:\Project_Github\audio_click_mil\data\original_audio\Ori_Recording_34.wav,10,600.0,660.0,0,0.0,60.0,0.0,1.0
34,D:\Project_Github\audio_click_mil\data\original_audio\Ori_Recording_34.wav,23,1380.0,1440.0,0,0.0,60.0,0.0,1.0
34,D:\Project_Github\audio_click_mil\data\original_audio\Ori_Recording_34.wav,1,60.0,120.0,0,0.0,60.0,0.0,1.0
35,D:\Project_Github\audio_click_mil\data\original_audio\Ori_Recording_35.wav,9,540.0,600.0,0,0.0,60.0,0.0,1.0
35,D:\Project_Github\audio_click_mil\data\original_audio\Ori_Recording_35.wav,27,1620.0,1680.0,0,0.0,60.0,0.0,1.0
35,D:\Project_Github\audio_click_mil\data\original_audio\Ori_Recording_35.wav,8,480.0,540.0,0,0.0,60.0,0.0,1.0
35,D:\Project_Github\audio_click_mil\data\original_audio\Ori_Recording_35.wav,21,1260.0,1320.0,0,0.0,60.0,0.0,1.0
35,D:\Project_Github\audio_click_mil\data\original_audio\Ori_Recording_35.wav,0,0.0,60.0,0,0.0,60.0,0.0,1.0
